review,rating,date,bank,source,sentiment_label,sentiment_score,nouns,identified_theme,noun_text
CBE á‹­áˆˆá‹«áˆá¢,5,2025-11-29,CBE,Google Play,NEUTRAL,0.0,"['cbe', 'á‹­áˆˆá‹«áˆá¢']",Other,cbe á‹­áˆˆá‹«áˆá¢
it's special for me,5,2025-11-29,CBE,Google Play,POSITIVE,0.35714285714285715,[],Other,
Make it user friendly.,2,2025-11-28,CBE,Google Play,POSITIVE,0.375,[],Other,
maaliif daddafee install gaafata,3,2025-11-28,CBE,Google Play,NEUTRAL,0.0,"['maaliif', 'daddafee', 'install', 'gaafata']",Other,maaliif daddafee install gaafata
good app,5,2025-11-28,CBE,Google Play,POSITIVE,0.7,['app'],User Interface & Experience,app
This application is very important and advantage for transfer of money and finance in the coutry and foriegn country.,5,2025-11-27,CBE,Google Play,POSITIVE,0.52,"['application', 'transfer', 'money', 'finance', 'coutry', 'foriegn', 'country']",User Interface & Experience,application transfer money finance coutry foriegn country
why didn't work this app?,1,2025-11-27,CBE,Google Play,NEUTRAL,0.0,['app'],User Interface & Experience,app
The app makes our life easier. Thank you CBE!,5,2025-11-27,CBE,Google Play,NEUTRAL,0.0,"['app', 'life', 'cbe']",User Interface & Experience,app life cbe
this app very bad ğŸ‘,1,2025-11-27,CBE,Google Play,NEGATIVE,-0.9099999999999998,"['app', 'ğŸ‘']",User Interface & Experience,app ğŸ‘
the most advanced app. but how to stay safe?,5,2025-11-27,CBE,Google Play,POSITIVE,0.4666666666666666,['app'],User Interface & Experience,app
Good application,4,2025-11-26,CBE,Google Play,POSITIVE,0.7,['application'],User Interface & Experience,application
It is nice app,5,2025-11-26,CBE,Google Play,POSITIVE,0.6,['app'],User Interface & Experience,app
best,5,2025-11-25,CBE,Google Play,POSITIVE,1.0,[],Other,
"it suddenly asked me to enter the verification key I received. and it (*get your verification key from the nearest CBE Branch*) Now I'm in Australia, what do you expect me to do???! There is no nearest or furthermost cbe Branch!! SO FRUSTRATING! How can I manage my bank account now????",1,2025-11-25,CBE,Google Play,NEUTRAL,-0.00234375,"['verification', 'key', 'verification', 'key', 'cbe', 'branch', 'australia', 'furthermost', 'cbe', 'branch', 'frustrating', 'bank', 'account']",Account & Transactions,verification key verification key cbe branch australia furthermost cbe branch frustrating bank account
nice app...,5,2025-11-25,CBE,Google Play,POSITIVE,0.6,"['nice', 'app']",User Interface & Experience,nice app
very good banking service and fast service,5,2025-11-24,CBE,Google Play,POSITIVE,0.5549999999999999,"['banking', 'service', 'service']",Customer Support,banking service service
thanks blc this app help me to use all time,5,2025-11-24,CBE,Google Play,POSITIVE,0.2,"['thank', 'app', 'time']",User Interface & Experience,thank app time
good,5,2025-11-24,CBE,Google Play,POSITIVE,0.7,[],Other,
why we can't send money to other people telebirr wallets??,1,2025-11-23,CBE,Google Play,NEGATIVE,-0.125,"['money', 'people', 'telebirr', 'wallet']",Account & Transactions,money people telebirr wallet
áŠ á‰³ááˆ©áˆ áŒáŠ• áˆˆ15 birr 11.50 á‰¥áˆ­ áˆµá‰µá‰†áˆ­áŒ¡ á‹­áˆµá‰°áŠ«áŠ¨áˆáˆáŠ•,1,2025-11-23,CBE,Google Play,NEUTRAL,0.0,"['áŒáŠ•', 'birr', 'á‰¥áˆ­', 'áˆµá‰µá‰†áˆ­áŒ¡', 'á‹­áˆµá‰°áŠ«áŠ¨áˆáˆáŠ•']",Other,áŒáŠ• birr á‰¥áˆ­ áˆµá‰µá‰†áˆ­áŒ¡ á‹­áˆµá‰°áŠ«áŠ¨áˆáˆáŠ•
á‰ áŒ£áˆ á‰€áˆ‹áˆáŠ“ áˆá‰¹ áŠá‹á¢,5,2025-11-23,CBE,Google Play,NEUTRAL,0.0,"['á‰ áŒ£áˆ', 'á‰€áˆ‹áˆáŠ“', 'áˆá‰¹', 'áŠá‹á¢']",Other,á‰ áŒ£áˆ á‰€áˆ‹áˆáŠ“ áˆá‰¹ áŠá‹á¢
wow,5,2025-11-23,CBE,Google Play,POSITIVE,0.1,[],Other,
nice,5,2025-11-22,CBE,Google Play,POSITIVE,0.6,[],Other,
you are the reason why i got ye chogara himem,1,2025-11-22,CBE,Google Play,NEUTRAL,0.0,"['reason', 'ye', 'chogara', 'himem']",Other,reason ye chogara himem
it is so smart app i recommend it for everyone,5,2025-11-22,CBE,Google Play,POSITIVE,0.21428571428571427,['app'],User Interface & Experience,app
excellent,5,2025-11-22,CBE,Google Play,POSITIVE,1.0,[],Other,
á‹³áŒŠ,5,2025-11-21,CBE,Google Play,NEUTRAL,0.0,[],Other,
absolutely right,5,2025-11-21,CBE,Google Play,POSITIVE,0.2857142857142857,[],Other,
mid application it's so annoying,3,2025-11-20,CBE,Google Play,NEGATIVE,-0.4,['application'],User Interface & Experience,application
I used morethan one year,4,2025-11-20,CBE,Google Play,NEUTRAL,0.0,"['morethan', 'year']",Other,morethan year
no word can explane about this app it is nice ğŸ‘ğŸ‘ğŸ‘ğŸ‘ğŸ‘,5,2025-11-20,CBE,Google Play,POSITIVE,0.6,"['word', 'app', 'ğŸ‘', 'ğŸ‘']",User Interface & Experience,word app ğŸ‘ ğŸ‘
"It's great app,I love this app",5,2025-11-20,CBE,Google Play,POSITIVE,0.65,"['app', 'app']",User Interface & Experience,app app
Nice,5,2025-11-19,CBE,Google Play,POSITIVE,0.6,[],Other,
suckkkks,1,2025-11-19,CBE,Google Play,NEUTRAL,0.0,['suckkkks'],Other,suckkkks
not allowing to transfer and showing current statement updates.,1,2025-11-19,CBE,Google Play,NEUTRAL,0.0,['statement'],Account & Transactions,statement
I love you this app,5,2025-11-19,CBE,Google Play,POSITIVE,0.5,['app'],User Interface & Experience,app
"fast and convenient app, thanks for your dedication as a bank to provide good options to your cuatomers.",1,2025-11-18,CBE,Google Play,POSITIVE,0.3666666666666667,"['app', 'thank', 'dedication', 'bank', 'option', 'cuatomer']",User Interface & Experience,app thank dedication bank option cuatomer
make life easy,5,2025-11-18,CBE,Google Play,POSITIVE,0.43333333333333335,['life'],Other,life
securr,5,2025-11-18,CBE,Google Play,NEUTRAL,0.0,['securr'],Other,securr
My most optional bank,5,2025-11-17,CBE,Google Play,POSITIVE,0.5,['bank'],Other,bank
5 star,5,2025-11-16,CBE,Google Play,NEUTRAL,0.0,['star'],Other,star
it is fantastic app.,5,2025-11-16,CBE,Google Play,POSITIVE,0.4,['app'],User Interface & Experience,app
sifen,5,2025-11-16,CBE,Google Play,NEUTRAL,0.0,['sifen'],Other,sifen
i like thisâˆš,4,2025-11-16,CBE,Google Play,NEUTRAL,0.0,['thisâˆš'],Other,thisâˆš
Ok,3,2025-11-15,CBE,Google Play,POSITIVE,0.5,[],Other,
áŒ¥áˆ© App áŠá‹‰ á¢ á‹¨áŠ” á‹¨áŒáˆ áŠ áˆµá‰°á‹«á‹¨á‰µ- Update á‹ˆá‹­áŠ•áˆ cache cleaning app áˆ²á‹°áˆ¨áŒ áˆˆáˆáŠ•á‹µáŠá‹‰ á‹°áŒáˆ˜áŠ• login áˆµáŠ“á‹°áˆ­áŒ Restricted áˆšá‹«á‹°áˆ­áŒˆá‹‰ á‰¢áˆµá‰°áŠ«áŠ¨áˆ áŠ¥áŠ•á‹° áˆ€áˆ³á‰¥ áŒ¥áˆ© áŠá‹‰á¢ á‰ á‹›áˆ‹á‹­ á‹µáŒ‹áˆš áŠ áŠ­á‰²á‰¬á‰µ áˆˆáˆ›áˆµá‹°áˆ¨áŒ áŠ¨ááˆˆáŠ• ..,5,2025-11-15,CBE,Google Play,NEUTRAL,0.0,"['app', 'á‹¨áŠ”', 'á‹¨áŒáˆ', 'cache', 'app', 'áˆ²á‹°áˆ¨áŒ', 'áˆˆáˆáŠ•á‹µáŠá‹‰', 'á‹°áŒáˆ˜áŠ•', 'restricted', 'áˆšá‹«á‹°áˆ­áŒˆá‹‰', 'á‰¢áˆµá‰°áŠ«áŠ¨áˆ', 'áŠ¥áŠ•á‹°', 'áˆ€áˆ³á‰¥', 'áŠá‹‰á¢', 'á‰ á‹›áˆ‹á‹­', 'á‹µáŒ‹áˆš', 'áŠ áŠ­á‰²á‰¬á‰µ', 'áˆˆáˆ›áˆµá‹°áˆ¨áŒ', 'áŠ¨ááˆˆáŠ•']",User Interface & Experience,app á‹¨áŠ” á‹¨áŒáˆ cache app áˆ²á‹°áˆ¨áŒ áˆˆáˆáŠ•á‹µáŠá‹‰ á‹°áŒáˆ˜áŠ• restricted áˆšá‹«á‹°áˆ­áŒˆá‹‰ á‰¢áˆµá‰°áŠ«áŠ¨áˆ áŠ¥áŠ•á‹° áˆ€áˆ³á‰¥ áŠá‹‰á¢ á‰ á‹›áˆ‹á‹­ á‹µáŒ‹áˆš áŠ áŠ­á‰²á‰¬á‰µ áˆˆáˆ›áˆµá‹°áˆ¨áŒ áŠ¨ááˆˆáŠ•
"Seriously, whatâ€™s going on with this app? The ""Pay to Beneficiary"" option is completely disabled for Android users, yet iOS users get full access without restrictions. Why are Android users being treated like second class customers? Itâ€™s the same app, the same service, but clearly not the same experience. This kind of platform bias is unacceptable, either give everyone the same features or be transparent about why youâ€™re limiting functionality. Right now, it just feels unfair and frustrating.",1,2025-11-15,CBE,Google Play,NEUTRAL,-0.019047619047619056,"['app', 'pay', 'beneficiary', 'option', 'android', 'user', 'user', 'access', 'restriction', 'android', 'user', 'class', 'customer', 'app', 'service', 'experience', 'kind', 'platform', 'bias', 'feature', 'functionality']",User Interface & Experience,app pay beneficiary option android user user access restriction android user class customer app service experience kind platform bias feature functionality
Like,5,2025-11-13,CBE,Google Play,NEUTRAL,0.0,[],Other,
Nice and very useful app i like it!,5,2025-11-13,CBE,Google Play,POSITIVE,0.54375,['app'],User Interface & Experience,app
Good,5,2025-11-12,CBE,Google Play,POSITIVE,0.7,[],Other,
smart app,4,2025-11-12,CBE,Google Play,POSITIVE,0.21428571428571427,['app'],User Interface & Experience,app
good App,5,2025-11-12,CBE,Google Play,POSITIVE,0.7,['app'],User Interface & Experience,app
sync problem may 22 2025 but the date stack on may 8 2025 help pls,5,2025-11-12,CBE,Google Play,NEUTRAL,0.0,"['sync', 'problem', 'date', 'may', 'pls']",Other,sync problem date may pls
ok,5,2025-11-11,CBE,Google Play,POSITIVE,0.5,[],Other,
cbe is my choice,4,2025-11-11,CBE,Google Play,NEUTRAL,0.0,"['cbe', 'choice']",Other,cbe choice
Awesome,5,2025-11-11,CBE,Google Play,POSITIVE,1.0,['awesome'],Other,awesome
I am not able to transfer. The app is not responding,1,2025-11-11,CBE,Google Play,NEGATIVE,-0.25,['app'],User Interface & Experience,app
Very convenient App,5,2025-11-10,CBE,Google Play,POSITIVE,0.2,['app'],User Interface & Experience,app
excellent but sometimes can not connect,5,2025-11-10,CBE,Google Play,POSITIVE,1.0,[],Other,
wow apk,5,2025-11-10,CBE,Google Play,POSITIVE,0.1,['apk'],Other,apk
best 100 %,5,2025-11-10,CBE,Google Play,POSITIVE,1.0,['%'],Other,%
bad app,1,2025-11-10,CBE,Google Play,NEGATIVE,-0.6999999999999998,['app'],User Interface & Experience,app
best app,5,2025-11-10,CBE,Google Play,POSITIVE,1.0,['app'],User Interface & Experience,app
nice app,5,2025-11-10,CBE,Google Play,POSITIVE,0.6,['app'],User Interface & Experience,app
the app constantly glitches and won't stop loading despite having a decent connection and a cleared cache. telebirr is way better,1,2025-11-10,CBE,Google Play,POSITIVE,0.2222222222222222,"['app', 'connection', 'cache', 'telebirr']",User Interface & Experience,app connection cache telebirr
I can't access it properly I think it needs update,1,2025-11-10,CBE,Google Play,NEUTRAL,0.0,['update'],Other,update
ğŸ‘ŒğŸ‘Œ,5,2025-11-10,CBE,Google Play,NEUTRAL,0.0,[],Other,
best ğŸ‘Œ,5,2025-11-10,CBE,Google Play,POSITIVE,1.0,[],Other,
not Refresh,2,2025-11-10,CBE,Google Play,NEUTRAL,0.0,[],Other,
your statement is not used as wanted,1,2025-11-09,CBE,Google Play,NEUTRAL,0.0,['statement'],Account & Transactions,statement
good very good,5,2025-11-09,CBE,Google Play,POSITIVE,0.8049999999999999,[],Other,
this is absolute trash why because it's not Woking most time the servers are down even though I'm using 4g data Internet they steal not working they use to work with out even data package now it's trash can't even send money,1,2025-11-09,CBE,Google Play,POSITIVE,0.18148148148148147,"['trash', 'time', 'server', 'g', 'datum', 'internet', 'datum', 'package', 'trash', 'money']",Account & Transactions,trash time server g datum internet datum package trash money
Bayeee galatooma kana caalati nu gammachisa ğŸŒğŸ¤ŒğŸ»ğŸ’´ğŸ’¸ğŸ¥°ğŸ‘ŒğŸ»ğŸ™ğŸ»,5,2025-11-08,CBE,Google Play,NEUTRAL,0.0,"['bayeee', 'kana', 'caalati', 'nu', 'gammachisa', 'ğŸŒ', 'ğŸ¤ŒğŸ»', 'ğŸ’´', 'ğŸ’¸', 'ğŸ¥°', 'ğŸ»']",Other,bayeee kana caalati nu gammachisa ğŸŒ ğŸ¤ŒğŸ» ğŸ’´ ğŸ’¸ ğŸ¥° ğŸ»
Good !,5,2025-11-08,CBE,Google Play,POSITIVE,0.875,[],Other,
i like it,5,2025-11-08,CBE,Google Play,NEUTRAL,0.0,[],Other,
Very nice app,5,2025-11-08,CBE,Google Play,POSITIVE,0.78,['app'],User Interface & Experience,app
the app is not functional this week.,4,2025-11-08,CBE,Google Play,NEUTRAL,0.0,"['app', 'week']",User Interface & Experience,app week
very updated bank,5,2025-11-05,CBE,Google Play,POSITIVE,0.2,['bank'],Other,bank
tankyu,5,2025-11-05,CBE,Google Play,NEUTRAL,0.0,['tankyu'],Other,tankyu
Numbers 2 and 3 don't write during pin verification.,5,2025-11-05,CBE,Google Play,NEUTRAL,0.0,"['number', 'pin', 'verification']",Other,number pin verification
"once it is uninstalled, you need to visit a nearby bank. you go there and they ask you to have a new sim card which hasn't been used before. so you should buy a new sim card and you go back to them with a new sim card, when you reach there service provider says authentication pin is not arrive, the system is not working come back tomorrow.",1,2025-11-05,CBE,Google Play,POSITIVE,0.08181818181818182,"['bank', 'sim', 'card', 'sim', 'card', 'sim', 'card', 'service', 'provider', 'authentication', 'pin', 'system', 'tomorrow']",Customer Support,bank sim card sim card sim card service provider authentication pin system tomorrow
loved it,5,2025-11-05,CBE,Google Play,POSITIVE,0.7,[],Other,
this app is not working on my phone,5,2025-11-03,CBE,Google Play,NEUTRAL,0.0,"['app', 'phone']",User Interface & Experience,app phone
CBE needs to show transaction fees before the transaction is confirmed and not after. This is a big issue as fees are no longer insignificant.,3,2025-11-03,CBE,Google Play,POSITIVE,0.2,"['cbe', 'transaction', 'fee', 'transaction', 'issue', 'fee']",Account & Transactions,cbe transaction fee transaction issue fee
"After the recent updates, I am unable to download a receipt. I can't see the names of account holders I've previously transacted with. Very important. Please fix it asap.",1,2025-11-03,CBE,Google Play,NEUTRAL,-0.03666666666666665,"['update', 'receipt', 'name', 'account', 'holder', 'asap']",Account & Transactions,update receipt name account holder asap
wow ğŸ˜˜ğŸ˜˜ğŸ˜˜,4,2025-11-02,CBE,Google Play,POSITIVE,0.1,[],Other,
mobile banking broblem,5,2025-11-01,CBE,Google Play,NEUTRAL,0.0,"['banking', 'broblem']",Other,banking broblem
good job,5,2025-11-01,CBE,Google Play,POSITIVE,0.7,['job'],Other,job
it is a good and clear apps to use,4,2025-10-31,CBE,Google Play,POSITIVE,0.39999999999999997,['app'],User Interface & Experience,app
áˆˆáˆáŠ•á‹µáŠ• áŠá‹ áŠ¨áŠ•áŒá‹µ á‰£áŠ•áŠ­ á‹ˆá‹° á‰´áˆŒá‰¥áˆ­ 5 á‰¥áˆ­ áˆ²á‰°áˆ‹áˆˆá 11 á‰¥áˆ­ áŠ¥áŠ•á‹²á‰†áˆ­áŒ¥ á‹«á‹°áˆ¨áŒ‹á‰½áˆá‰µ,1,2025-10-31,CBE,Google Play,NEUTRAL,0.0,"['áˆˆáˆáŠ•á‹µáŠ•', 'áŠá‹', 'áŠ¨áŠ•áŒá‹µ', 'á‰£áŠ•áŠ­', 'á‹ˆá‹°', 'á‰´áˆŒá‰¥áˆ­', 'á‰¥áˆ­', 'áˆ²á‰°áˆ‹áˆˆá', 'á‰¥áˆ­', 'áŠ¥áŠ•á‹²á‰†áˆ­áŒ¥', 'á‹«á‹°áˆ¨áŒ‹á‰½áˆá‰µ']",Other,áˆˆáˆáŠ•á‹µáŠ• áŠá‹ áŠ¨áŠ•áŒá‹µ á‰£áŠ•áŠ­ á‹ˆá‹° á‰´áˆŒá‰¥áˆ­ á‰¥áˆ­ áˆ²á‰°áˆ‹áˆˆá á‰¥áˆ­ áŠ¥áŠ•á‹²á‰†áˆ­áŒ¥ á‹«á‹°áˆ¨áŒ‹á‰½áˆá‰µ
I love this app b/c every option in the app very clear and supportive.,5,2025-10-30,CBE,Google Play,POSITIVE,0.37666666666666665,"['app', 'b', 'c', 'option', 'app']",User Interface & Experience,app b c option app
niiceh,5,2025-10-29,CBE,Google Play,NEUTRAL,0.0,['niiceh'],Other,niiceh
the app is good but their is no dark mode you have to add it,3,2025-10-29,CBE,Google Play,POSITIVE,0.38749999999999996,"['app', 'mode']",User Interface & Experience,app mode
ğŸ¤®,1,2025-10-28,CBE,Google Play,NEUTRAL,0.0,[],Other,
abdulakim abrahim elemoo,5,2025-10-28,CBE,Google Play,NEUTRAL,0.0,['abdulakim'],Other,abdulakim
strong,5,2025-10-28,CBE,Google Play,POSITIVE,0.4333333333333333,[],Other,
Abebaw Zenebe,5,2025-10-28,CBE,Google Play,NEUTRAL,0.0,"['abebaw', 'zenebe']",Other,abebaw zenebe
good I love it keep it up but if we had a new update that will be fire Soo good,5,2025-10-27,CBE,Google Play,POSITIVE,0.509090909090909,"['update', 'fire', 'soo']",Other,update fire soo
Cbe,5,2025-10-27,CBE,Google Play,NEUTRAL,0.0,['cbe'],Other,cbe
Active and granted system,5,2025-10-27,CBE,Google Play,NEGATIVE,-0.13333333333333333,['system'],Other,system
fast app,4,2025-10-26,CBE,Google Play,POSITIVE,0.2,['app'],User Interface & Experience,app
cool ğŸ˜,5,2025-10-26,CBE,Google Play,POSITIVE,0.35,['ğŸ˜'],Other,ğŸ˜
Galaxy A10s,3,2025-10-26,CBE,Google Play,NEUTRAL,0.0,"['galaxy', 'a10s']",Other,galaxy a10s
the best apps,5,2025-10-26,CBE,Google Play,POSITIVE,1.0,['app'],User Interface & Experience,app
arif app new,5,2025-10-26,CBE,Google Play,POSITIVE,0.13636363636363635,"['arif', 'app', 'new']",User Interface & Experience,arif app new
laga Bari biranch,5,2025-10-26,CBE,Google Play,NEUTRAL,0.0,"['laga', 'bari', 'biranch']",Other,laga bari biranch
áŠáŠáˆ áŠáˆ áˆ áŠáˆ áˆ áˆ áˆ áŠá‹¨áŠ,5,2025-10-25,CBE,Google Play,NEUTRAL,0.0,['áŠáŠáˆ áŠáˆ áˆ áŠáˆ áˆ áˆ áˆ áŠá‹¨áŠ'],Other,áŠáŠáˆ áŠáˆ áˆ áŠáˆ áˆ áˆ áˆ áŠá‹¨áŠ
I would like to suggest you improve the time out as it takes the money and doesn't return it back until the next day.,3,2025-10-25,CBE,Google Play,NEUTRAL,0.0,"['time', 'money', 'day']",Account & Transactions,time money day
Attractive,5,2025-10-25,CBE,Google Play,POSITIVE,0.8,[],Other,
mite,5,2025-10-24,CBE,Google Play,NEUTRAL,0.0,['mite'],Other,mite
useful,5,2025-10-23,CBE,Google Play,POSITIVE,0.3,[],Other,
"not good, not bad!",3,2025-10-23,CBE,Google Play,NEUTRAL,0.043749999999999956,[],Other,
very good,5,2025-10-23,CBE,Google Play,POSITIVE,0.9099999999999999,[],Other,
áŠ¥áŒ…áŒ á‰ áŒ£áˆ áŠ áˆµá‰€á‹«áˆš áŒ á‰áŠ áˆ á‹˜áˆ¨á‹ á‰ áˆšá‰£áˆ á‹°áˆ­áŒƒ á‹¨ áŠ áŒˆáˆáŒáˆá‰µ á‹¨áˆšá‰€á‰ áˆ á‹«áˆáˆ°áˆ«á‰ á‰µáŠ• á‹¨áŒˆá‹› áŒˆáŠ•á‹á‰ á‰£á‰½áŠ•áŠ• á‰°á‹˜áˆ¨ááŠ• áŠ¨ 100á‰¥áˆ­ 10á‰¥áˆ­ á‹¨áŠ áŒˆáˆáŒáˆá‰µ áˆ›áˆµáŠ¨áˆáˆ áˆáŠ• áˆ›áˆˆá‰µ áŠá‹ áŠ¥á‰£áŠ«á‰½áˆ áŠ¥á‹©á‰µ áŠ¥áˆµá‰µá‹­ áŠ¨ áˆá‰£á‹­áˆ á‰£áŠ•áŠ­ á‹ˆá‹° ampsa áŠ áˆµá‰°áˆ‹áˆá‰áŠ“ áŠ¥á‹©á‰µ á‰ áŒ£áˆ á‹­áŒˆáˆ­áˆ›áˆ áˆŒá‰£ á‰¥á‹«á‰¸á‹‹áˆáˆ,1,2025-10-22,CBE,Google Play,NEUTRAL,0.0,"['áŠ¥áŒ…áŒ', 'á‰ áŒ£áˆ', 'áŠ áˆµá‰€á‹«áˆš', 'áŒ á‰áŠ áˆ', 'á‹˜áˆ¨á‹', 'á‰ áˆšá‰£áˆ', 'á‹°áˆ­áŒƒ', 'á‹¨', 'áŠ áŒˆáˆáŒáˆá‰µ', 'á‹¨áˆšá‰€á‰ áˆ', 'á‹«áˆáˆ°áˆ«á‰ á‰µáŠ•', 'á‹¨áŒˆá‹›', 'áŒˆáŠ•á‹á‰ á‰£á‰½áŠ•áŠ•', '100á‰¥áˆ­', '10á‰¥áˆ­', 'á‹¨áŠ áŒˆáˆáŒáˆá‰µ', 'áˆ›áˆµáŠ¨áˆáˆ', 'áˆáŠ•', 'áˆ›áˆˆá‰µ', 'áŠá‹', 'áŠ¥á‰£áŠ«á‰½áˆ', 'áŠ¥á‹©á‰µ', 'áŠ¥áˆµá‰µá‹­', 'áŠ¨', 'áˆá‰£á‹­áˆ', 'á‰£áŠ•áŠ­', 'á‹ˆá‹°', 'ampsa', 'áŠ áˆµá‰°áˆ‹áˆá‰áŠ“', 'áŠ¥á‹©á‰µ', 'á‰ áŒ£áˆ', 'á‹­áŒˆáˆ­áˆ›áˆ', 'áˆŒá‰£']",Other,áŠ¥áŒ…áŒ á‰ áŒ£áˆ áŠ áˆµá‰€á‹«áˆš áŒ á‰áŠ áˆ á‹˜áˆ¨á‹ á‰ áˆšá‰£áˆ á‹°áˆ­áŒƒ á‹¨ áŠ áŒˆáˆáŒáˆá‰µ á‹¨áˆšá‰€á‰ áˆ á‹«áˆáˆ°áˆ«á‰ á‰µáŠ• á‹¨áŒˆá‹› áŒˆáŠ•á‹á‰ á‰£á‰½áŠ•áŠ• 100á‰¥áˆ­ 10á‰¥áˆ­ á‹¨áŠ áŒˆáˆáŒáˆá‰µ áˆ›áˆµáŠ¨áˆáˆ áˆáŠ• áˆ›áˆˆá‰µ áŠá‹ áŠ¥á‰£áŠ«á‰½áˆ áŠ¥á‹©á‰µ áŠ¥áˆµá‰µá‹­ áŠ¨ áˆá‰£á‹­áˆ á‰£áŠ•áŠ­ á‹ˆá‹° ampsa áŠ áˆµá‰°áˆ‹áˆá‰áŠ“ áŠ¥á‹©á‰µ á‰ áŒ£áˆ á‹­áŒˆáˆ­áˆ›áˆ áˆŒá‰£
imp,5,2025-10-22,CBE,Google Play,NEUTRAL,0.0,[],Other,
super fast app,5,2025-10-21,CBE,Google Play,POSITIVE,0.26666666666666666,['app'],User Interface & Experience,app
"The app has a nice design and useful features like balance check and transfers, but itâ€™s unstable and often fails to connect. It also forces users to turn off Developer Options, which is unnecessary â€” other banking apps work fine without that. Many people use Developer Mode for normal reasons. Please fix performance issues, remove this restriction, and add biometric login for better security and convenience",2,2025-10-19,CBE,Google Play,POSITIVE,0.16018518518518515,"['app', 'design', 'feature', 'balance', 'check', 'transfer', 'user', 'developer', 'options', 'banking', 'app', 'people', 'developer', 'mode', 'reason', 'performance', 'issue', 'restriction', 'login', 'security', 'convenience']",User Interface & Experience,app design feature balance check transfer user developer options banking app people developer mode reason performance issue restriction login security convenience
cbe,4,2025-10-18,CBE,Google Play,NEUTRAL,0.0,['cbe'],Other,cbe
"it says ""ti is work any more in your device"" what can i do??",1,2025-10-18,CBE,Google Play,POSITIVE,0.5,"['work', 'device']",Other,work device
blah blah blah,5,2025-10-17,CBE,Google Play,NEUTRAL,0.0,[],Other,
bad áŒá‹´á‰³ áˆ˜áˆ†áŠ•áˆ,1,2025-10-17,CBE,Google Play,NEGATIVE,-0.6999999999999998,"['áŒá‹´á‰³', 'áˆ˜áˆ†áŠ•áˆ']",Other,áŒá‹´á‰³ áˆ˜áˆ†áŠ•áˆ
CBE no.1,5,2025-10-17,CBE,Google Play,NEUTRAL,0.0,"['cbe', 'no.1']",Other,cbe no.1
"it's not work correctly when it's needed sometimes, but it works sometimes though",2,2025-10-16,CBE,Google Play,NEUTRAL,0.0,[],Other,
its easy to use and more secured than the previous one. i love it and appreciate commercial bank of ethiopia for every time update.,5,2025-10-16,CBE,Google Play,POSITIVE,0.2533333333333333,"['easy', 'bank', 'ethiopia', 'time', 'update']",Other,easy bank ethiopia time update
gooof,5,2025-10-16,CBE,Google Play,NEUTRAL,0.0,['gooof'],Other,gooof
"Suddenly the cbe application I was using stopped working and called callcenter, I was told it's because it expired and I should vist any branch to fix it. So I went to CBE Silassie branch.After filling a form they gave me, I sat down and waited until they finish fixing 2 customer's case who arrived before me. But then when it was my turn ppl who came after me with same mobile banking and even Atm card cases were finishing up and leaving I had to get back to my work so I left.with no service.why?",1,2025-10-16,CBE,Google Play,NEUTRAL,-0.038888888888888896,"['cbe', 'application', 'callcenter', 'branch', 'cbe', 'silassie', 'branch', 'form', 'customer', 'case', 'turn', 'ppl', 'banking', 'atm', 'card', 'case', 'work', 'service.why']",User Interface & Experience,cbe application callcenter branch cbe silassie branch form customer case turn ppl banking atm card case work service.why
Best app,5,2025-10-15,CBE,Google Play,POSITIVE,1.0,['app'],User Interface & Experience,app
still not perfect like before,1,2025-10-15,CBE,Google Play,NEGATIVE,-0.5,[],Other,
This app dash board is disturbing me. it is not showing me traxation and my balance while displaying others option on dashboard. I think it is a risk full appğŸ˜­ğŸ˜­ğŸ˜­ğŸ¤¤ğŸ¤¤,1,2025-10-15,CBE,Google Play,NEGATIVE,-0.07500000000000001,"['app', 'dash', 'board', 'traxation', 'balance', 'other', 'option', 'dashboard', 'risk', 'app', 'ğŸ˜­', 'ğŸ˜­', 'ğŸ¤¤']",User Interface & Experience,app dash board traxation balance other option dashboard risk app ğŸ˜­ ğŸ˜­ ğŸ¤¤
APPLIED,1,2025-10-14,CBE,Google Play,NEUTRAL,0.0,[],Other,
10 years ago,4,2025-10-14,CBE,Google Play,NEUTRAL,0.0,['year'],Other,year
Asefa Obsa,5,2025-10-14,CBE,Google Play,NEUTRAL,0.0,"['asefa', 'obsa']",Other,asefa obsa
it's good app,5,2025-10-14,CBE,Google Play,POSITIVE,0.7,['app'],User Interface & Experience,app
very slow,1,2025-10-14,CBE,Google Play,NEGATIVE,-0.39000000000000007,[],Other,
berhan deriba wami,4,2025-10-13,CBE,Google Play,NEUTRAL,0.0,"['berhan', 'deriba', 'wami']",Other,berhan deriba wami
mahamad Usman,5,2025-10-13,CBE,Google Play,NEUTRAL,0.0,['usman'],Other,usman
Erako,5,2025-10-13,CBE,Google Play,NEUTRAL,0.0,['erako'],Other,erako
ğŸ”¥ğŸ”¥ğŸ”¥ğŸ”¥ğŸ”¥,5,2025-10-13,CBE,Google Play,NEUTRAL,0.0,['ğŸ”¥'],Other,ğŸ”¥
opne,5,2025-10-13,CBE,Google Play,NEUTRAL,0.0,['opne'],Other,opne
mehommd nuri,5,2025-10-13,CBE,Google Play,NEUTRAL,0.0,"['mehommd', 'nuri']",Other,mehommd nuri
Best,5,2025-10-12,CBE,Google Play,POSITIVE,1.0,[],Other,
providing very secure service.,5,2025-10-12,CBE,Google Play,POSITIVE,0.52,['service'],Customer Support,service
apk áŠ áˆªá áŠá‹ áŒáŠ• á‰ áŒ£áˆ apkwun á‹¨áˆšáŠ¨áá‰± á‹¨ á‰£áŠ•áŠ­ áˆ°áˆ«á‰°áŠá‰½ á‰ áŒ£áˆ á‹°áŠ«áˆ› áŠ“á‰¸á‹ áˆ²á‹«áˆµá‰°áŠ“áŒá‹± áˆˆ á‹°áŠ•á‰ áŠ› áŠ­á‰¥áˆ­ á‹¨áˆ‹á‰¸á‹áˆ áŠ¥áŠ” áˆ˜áˆ˜áˆ‹áˆˆáˆµ áŠ¨áŒ€áˆ˜áˆ­áŠ© á‰†á‹¨á‹ áŒáŠ• áˆ˜áá‰µáˆ… áˆ‹áŒˆáŠ áŠ áˆá‰½áˆáŠ©áˆ ::,1,2025-10-12,CBE,Google Play,NEUTRAL,0.0,"['apk', 'áŠ áˆªá', 'áŠá‹', 'áŒáŠ•', 'á‰ áŒ£áˆ', 'apkwun', 'á‹¨áˆšáŠ¨áá‰±', 'á‹¨', 'á‰£áŠ•áŠ­', 'áˆ°áˆ«á‰°áŠá‰½', 'á‰ áŒ£áˆ', 'á‹°áŠ«áˆ›', 'áˆˆ', 'á‹°áŠ•á‰ áŠ›', 'áŠ­á‰¥áˆ­', 'á‹¨áˆ‹á‰¸á‹áˆ', 'áŠ¥áŠ”', 'áˆ˜áˆ˜áˆ‹áˆˆáˆµ', 'áŠ¨áŒ€áˆ˜áˆ­áŠ©', 'áŒáŠ•', 'áˆ‹áŒˆáŠ', 'áŠ áˆá‰½áˆáŠ©áˆ']",Other,apk áŠ áˆªá áŠá‹ áŒáŠ• á‰ áŒ£áˆ apkwun á‹¨áˆšáŠ¨áá‰± á‹¨ á‰£áŠ•áŠ­ áˆ°áˆ«á‰°áŠá‰½ á‰ áŒ£áˆ á‹°áŠ«áˆ› áˆˆ á‹°áŠ•á‰ áŠ› áŠ­á‰¥áˆ­ á‹¨áˆ‹á‰¸á‹áˆ áŠ¥áŠ” áˆ˜áˆ˜áˆ‹áˆˆáˆµ áŠ¨áŒ€áˆ˜áˆ­áŠ© áŒáŠ• áˆ‹áŒˆáŠ áŠ áˆá‰½áˆáŠ©áˆ
á‹³áˆ­ áŠ‘áˆ® áˆ‹áˆˆá‹ áŠ£ááˆªá‰»áŠ• á‹,5,2025-10-12,CBE,Google Play,NEUTRAL,0.0,['áŠ‘áˆ®'],Other,áŠ‘áˆ®
RIYAD Mohammed Abaoli 92 527 2567,5,2025-10-12,CBE,Google Play,NEUTRAL,0.0,"['mohammed', 'abaoli']",Other,mohammed abaoli
it doesn't show bank statement and no options to see transactions for the past months.,2,2025-10-11,CBE,Google Play,NEGATIVE,-0.25,"['bank', 'statement', 'option', 'transaction', 'month']",Account & Transactions,bank statement option transaction month
Mamma Husen,2,2025-10-11,CBE,Google Play,NEUTRAL,0.0,"['mamma', 'husen']",Other,mamma husen
3 stars because I can't see all my transaction history apart from the recents and a refresh button has been removed from the Recents activity. The app should allow clients to view all of the transactions not just recents.,3,2025-10-11,CBE,Google Play,NEUTRAL,0.0,"['star', 'transaction', 'history', 'recent', 'button', 'recent', 'activity', 'app', 'client', 'transaction', 'recent']",Account & Transactions,star transaction history recent button recent activity app client transaction recent
exceptional application from others bank,5,2025-10-10,CBE,Google Play,POSITIVE,0.6666666666666666,"['application', 'other', 'bank']",User Interface & Experience,application other bank
"it is very nice. but i have a serious suggestion when you send to other cbe birr customer, it does not show the name of the recipient befor it actually send the money. please improve this",4,2025-10-10,CBE,Google Play,POSITIVE,0.08041666666666668,"['suggestion', 'cbe', 'birr', 'customer', 'name', 'recipient', 'befor', 'money']",Customer Support,suggestion cbe birr customer name recipient befor money
goodğŸ‘ğŸ‘ğŸ‘ğŸ˜ŠğŸ˜ŠğŸ˜Š,5,2025-10-10,CBE,Google Play,NEUTRAL,0.0,['ğŸ‘'],Other,ğŸ‘
really good app,5,2025-10-10,CBE,Google Play,POSITIVE,0.7,['app'],User Interface & Experience,app
smart bank CBE,5,2025-10-10,CBE,Google Play,POSITIVE,0.21428571428571427,"['bank', 'cbe']",Other,bank cbe
Ali urgesa11,3,2025-10-09,CBE,Google Play,NEUTRAL,0.0,['ali'],Other,ali
it's good,5,2025-10-09,CBE,Google Play,POSITIVE,0.7,[],Other,
Good apps,5,2025-10-09,CBE,Google Play,POSITIVE,0.7,['app'],User Interface & Experience,app
password á‰ áŒ£á‰µ áŠ áˆ»áˆ« á‰¢áŠ–áˆ¨á‹ áˆ˜áˆáŠ«áˆ áŠá‰ áˆ­,4,2025-10-09,CBE,Google Play,NEUTRAL,0.0,"['password', 'á‰ áŒ£á‰µ', 'áŠ áˆ»áˆ«', 'á‰¢áŠ–áˆ¨á‹', 'áˆ˜áˆáŠ«áˆ']",Other,password á‰ áŒ£á‰µ áŠ áˆ»áˆ« á‰¢áŠ–áˆ¨á‹ áˆ˜áˆáŠ«áˆ
best app i ever seen,5,2025-10-09,CBE,Google Play,POSITIVE,1.0,['app'],User Interface & Experience,app
it's game changing in financial system,4,2025-10-09,CBE,Google Play,NEGATIVE,-0.2,"['game', 'system']",Other,game system
"z,MKT 20_._!8+â…“â…•ğŸ˜˜r",1,2025-10-09,CBE,Google Play,NEUTRAL,0.0,"['z', 'mkt', 'r']",Other,z mkt r
will good updating,5,2025-10-08,CBE,Google Play,POSITIVE,0.7,[],Other,
"service charge , vat, fee everything here is not yours they wanna take what you have, everything is not fair",1,2025-10-08,CBE,Google Play,NEGATIVE,-0.35,"['service', 'charge', 'vat']",Customer Support,service charge vat
ğŸ™ğŸ‘,5,2025-11-28,BOA,Google Play,NEUTRAL,0.0,['ğŸ™'],Other,ğŸ™
Very Good,5,2025-11-28,BOA,Google Play,POSITIVE,0.9099999999999999,[],Other,
goof,5,2025-11-28,BOA,Google Play,NEUTRAL,0.0,['goof'],Other,goof
good!,5,2025-11-28,BOA,Google Play,POSITIVE,0.875,[],Other,
good jop,5,2025-11-27,BOA,Google Play,POSITIVE,0.7,"['good', 'jop']",Other,good jop
bad exprience...it is so crushed,1,2025-11-27,BOA,Google Play,NEGATIVE,-0.3999999999999999,['exprience'],Other,exprience
not user friendly at all it requires a huge connectivity and also lags many times ğŸ˜‘ğŸ˜‘ğŸ˜‘,1,2025-11-26,BOA,Google Play,POSITIVE,0.42500000000000004,"['user', 'connectivity', 'time', 'ğŸ˜‘', 'ğŸ˜‘']",Other,user connectivity time ğŸ˜‘ ğŸ˜‘
áˆáŠ•áˆ á‹¨áˆ›á‹­ áˆ°áˆ«,1,2025-11-26,BOA,Google Play,NEUTRAL,0.0,"['áˆáŠ•áˆ', 'á‹¨áˆ›á‹­', 'áˆ°áˆ«']",Other,áˆáŠ•áˆ á‹¨áˆ›á‹­ áˆ°áˆ«
most of the time is not working properly,1,2025-11-24,BOA,Google Play,POSITIVE,0.25,['time'],Other,time
good service,5,2025-11-24,BOA,Google Play,POSITIVE,0.7,['service'],Other,service
not use for me,3,2025-11-23,BOA,Google Play,NEUTRAL,0.0,[],Other,
It keeps notifying me to disable developer options and quiet while I'm not enabled. always bring another type of problem with new updates.,1,2025-11-22,BOA,Google Play,POSITIVE,0.06818181818181818,"['developer', 'option', 'type', 'problem', 'update']",User Interface & Experience,developer option type problem update
waw,5,2025-11-20,BOA,Google Play,NEUTRAL,0.0,['waw'],Other,waw
the lag is unbelievable when you need it the most this suks,1,2025-11-19,BOA,Google Play,POSITIVE,0.125,"['lag', 'suks']",Other,lag suks
I cant belive I could find the worst bank app ever .yet very simple to fix the problem and the company just ignored it. no body can do business with this kind of app.,1,2025-11-18,BOA,Google Play,NEGATIVE,-0.13333333333333333,"['bank', 'app', 'problem', 'company', 'body', 'business', 'kind', 'app']",Account & Transactions,bank app problem company body business kind app
it is a good app,5,2025-11-18,BOA,Google Play,POSITIVE,0.7,['app'],User Interface & Experience,app
it is not working at all,1,2025-11-15,BOA,Google Play,NEUTRAL,0.0,[],Other,
ğŸ¥°ğŸ¥°ğŸ¥°ğŸ¥°ğŸ¥° app is good but i was live in abroad and when i enter my otp code it didnt make me to write my code it the app want it self write thats not fair so please other wise i like it why,5,2025-11-15,BOA,Google Play,POSITIVE,0.21227272727272725,"['ğŸ¥°', 'ğŸ¥°', 'ğŸ¥°', 'ğŸ¥°', 'ğŸ¥°', 'app', 'code', 'code', 'app', 'self']",User Interface & Experience,ğŸ¥° ğŸ¥° ğŸ¥° ğŸ¥° ğŸ¥° app code code app self
when trying to activate the app it keeps on loading on the security questions page. It has been two days,1,2025-11-13,BOA,Google Play,NEUTRAL,0.0,"['app', 'security', 'question', 'page', 'day']",User Interface & Experience,app security question page day
fast and simple,5,2025-11-10,BOA,Google Play,POSITIVE,0.1,[],Other,
best of best,5,2025-11-10,BOA,Google Play,POSITIVE,1.0,[],Other,
Worest Banking App Ever I seen. Fake App Bad Better to Leave,1,2025-11-10,BOA,Google Play,NEGATIVE,-0.23333333333333325,"['worest', 'banking', 'app', 'app', 'bad', 'better']",Account & Transactions,worest banking app app bad better
"I would like to share feedback regarding the application. It frequently experiences disruptions and does not function properly, often freezing or failing to load. This issue is affecting workflow and efficiency. Kindly review and address this problem to ensure smoother performance.",1,2025-11-08,BOA,Google Play,POSITIVE,0.2333333333333333,"['feedback', 'application', 'disruption', 'issue', 'workflow', 'efficiency', 'problem', 'performance']",User Interface & Experience,feedback application disruption issue workflow efficiency problem performance
Meet you genuine.App I tried is not functional.Helping.welldoingwith BOA Ethiopia .fastandrelevant.morconnecting Digitalyworld.Digitalyworld. thanks.,5,2025-11-08,BOA,Google Play,POSITIVE,0.2,"['app', 'functional.helping.welldoingwith', 'boa', 'ethiopia', '.fastandrelevant.morconnecting', 'digitalyworld', 'digitalyworld', 'thank']",User Interface & Experience,app functional.helping.welldoingwith boa ethiopia .fastandrelevant.morconnecting digitalyworld digitalyworld thank
"Barely works, it always fails to connect",1,2025-11-07,BOA,Google Play,NEGATIVE,-0.225,[],Other,
my fav app,5,2025-11-06,BOA,Google Play,NEUTRAL,0.0,"['fav', 'app']",User Interface & Experience,fav app
this app launch time is so long also has dozen bugs in addition it's has been long time get update,1,2025-11-05,BOA,Google Play,NEUTRAL,-0.05,"['app', 'launch', 'time', 'dozen', 'bug', 'addition', 'time', 'update']",User Interface & Experience,app launch time dozen bug addition time update
very nice,5,2025-11-04,BOA,Google Play,POSITIVE,0.78,[],Other,
"Your application is very irritating to use, some functionality doesn't even work like on the card management. You need to do better than this and it good idea to reference other banking applications.",3,2025-11-04,BOA,Google Play,POSITIVE,0.13874999999999998,"['application', 'use', 'functionality', 'card', 'management', 'idea', 'banking', 'application']",User Interface & Experience,application use functionality card management idea banking application
I like,5,2025-11-02,BOA,Google Play,NEUTRAL,0.0,[],Other,
á‹ˆá‹­ áŠ áˆ»áˆ½áˆ‰á‰µáŠ“ áŠ¥áŠ•áŒ á‰€áˆá‰ á‰µ á‹«áˆˆá‹« á‰¥á‰³áŒ á‰á‰µ á‹­áˆ»áˆ‹áˆá¢ á‰ á‰ƒ áˆáŠ•áˆ áŠáŒˆáˆ­ áŠ á‹­áˆ°áˆ«áˆ áˆ˜á‰°áŒá‰ áˆªá‹« áŠ áˆˆáŠ• á‰¥áˆ‹á‰½áˆ áŠ¥áŠ•á‹³á‰³á‹ˆáˆ© áˆˆáˆ›áŠ•áˆ á‹¨áˆ›á‹­áˆ˜áŠ¨áˆ­ á‰€áˆ­á‹á‹áŠ“ á‰°áŒá‰£áˆ­ á‹¨áˆˆáˆ½ áˆ˜á‰°áŒá‰ áˆªá‹«,1,2025-11-01,BOA,Google Play,NEUTRAL,0.0,"['á‹ˆá‹­', 'áŠ áˆ»áˆ½áˆ‰á‰µáŠ“', 'áŠ¥áŠ•áŒ á‰€áˆá‰ á‰µ', 'á‹«áˆˆá‹«', 'á‰¥á‰³áŒ á‰á‰µ', 'á‹­áˆ»áˆ‹áˆá¢', 'á‰ á‰ƒ', 'áˆáŠ•áˆ', 'áŠáŒˆáˆ­', 'áŠ á‹­áˆ°áˆ«áˆ', 'áˆ˜á‰°áŒá‰ áˆªá‹«', 'áŠ áˆˆáŠ•', 'á‰¥áˆ‹á‰½áˆ', 'áŠ¥áŠ•á‹³á‰³á‹ˆáˆ©', 'á‹¨áˆ›á‹­áˆ˜áŠ¨áˆ­', 'á‰€áˆ­á‹á‹áŠ“', 'á‰°áŒá‰£áˆ­', 'á‹¨áˆˆáˆ½', 'áˆ˜á‰°áŒá‰ áˆªá‹«']",Other,á‹ˆá‹­ áŠ áˆ»áˆ½áˆ‰á‰µáŠ“ áŠ¥áŠ•áŒ á‰€áˆá‰ á‰µ á‹«áˆˆá‹« á‰¥á‰³áŒ á‰á‰µ á‹­áˆ»áˆ‹áˆá¢ á‰ á‰ƒ áˆáŠ•áˆ áŠáŒˆáˆ­ áŠ á‹­áˆ°áˆ«áˆ áˆ˜á‰°áŒá‰ áˆªá‹« áŠ áˆˆáŠ• á‰¥áˆ‹á‰½áˆ áŠ¥áŠ•á‹³á‰³á‹ˆáˆ© á‹¨áˆ›á‹­áˆ˜áŠ¨áˆ­ á‰€áˆ­á‹á‹áŠ“ á‰°áŒá‰£áˆ­ á‹¨áˆˆáˆ½ áˆ˜á‰°áŒá‰ áˆªá‹«
i m sorry but it doesn't work for my android it is too slow but other bank are very fast please update,1,2025-10-30,BOA,Google Play,NEGATIVE,-0.16625,"['android', 'bank']",Account & Transactions,android bank
"the worst app ever,",1,2025-10-30,BOA,Google Play,NEGATIVE,-1.0,['app'],User Interface & Experience,app
better,5,2025-10-29,BOA,Google Play,POSITIVE,0.5,[],Other,
"I kindly request that Bank of abyssinia address issues with its mobile app. It is very slow, has numerous problems, and frequently experiences downtime. The user experience is also poor. Thank you.",1,2025-10-28,BOA,Google Play,NEUTRAL,-0.018000000000000016,"['bank', 'abyssinia', 'address', 'issue', 'app', 'problem', 'downtime', 'user', 'experience']",Account & Transactions,bank abyssinia address issue app problem downtime user experience
this app can't open? what is problem? please solve my problem?,1,2025-10-27,BOA,Google Play,NEUTRAL,0.0,"['app', 'problem', 'problem']",User Interface & Experience,app problem problem
kiyaa makonn,5,2025-10-27,BOA,Google Play,NEUTRAL,0.0,"['kiyaa', 'makonn']",Other,kiyaa makonn
very very lazy app,1,2025-10-26,BOA,Google Play,NEGATIVE,-0.325,['app'],User Interface & Experience,app
telebirr remittance,5,2025-10-24,BOA,Google Play,NEUTRAL,0.0,"['telebirr', 'remittance']",Other,telebirr remittance
The best bank in ğŸ‡ªğŸ‡¹,5,2025-10-23,BOA,Google Play,POSITIVE,1.0,"['bank', 'ğŸ‡ª', 'ğŸ‡¹']",Account & Transactions,bank ğŸ‡ª ğŸ‡¹
its good,5,2025-10-22,BOA,Google Play,POSITIVE,0.7,['good'],Other,good
the worst app in my financial experience.,1,2025-10-22,BOA,Google Play,NEGATIVE,-0.5,"['app', 'experience']",User Interface & Experience,app experience
good for mb appliciation,5,2025-10-21,BOA,Google Play,POSITIVE,0.7,"['mb', 'appliciation']",Other,mb appliciation
the worst bank ever. slow don't accept dual sim. they are very stupid and greedy,1,2025-10-20,BOA,Google Play,NEGATIVE,-0.7666666666666666,"['bank', 'sim']",Account & Transactions,bank sim
try to easy network,4,2025-10-17,BOA,Google Play,POSITIVE,0.43333333333333335,['network'],Other,network
hussen hassen umer,5,2025-10-16,BOA,Google Play,NEUTRAL,0.0,"['hussen', 'hassen', 'umer']",Other,hussen hassen umer
"The app is not suitable and lacks a good UI design. As a large bank, you must update your app with a professional UI that is fast and appropriate.",2,2025-10-16,BOA,Google Play,POSITIVE,0.2398809523809524,"['app', 'ui', 'design', 'bank', 'app', 'ui']",User Interface & Experience,app ui design bank app ui
an exceptional banking app.,5,2025-10-16,BOA,Google Play,POSITIVE,0.6666666666666666,"['banking', 'app']",Account & Transactions,banking app
alhamdulilah,5,2025-10-11,BOA,Google Play,NEUTRAL,0.0,['alhamdulilah'],Other,alhamdulilah
poor,5,2025-10-10,BOA,Google Play,NEGATIVE,-0.4,[],Other,
Best of best,5,2025-10-09,BOA,Google Play,POSITIVE,1.0,[],Other,
from the last week updates the app is not working Please check the problems,1,2025-10-08,BOA,Google Play,NEUTRAL,0.0,"['week', 'app', 'problem']",User Interface & Experience,week app problem
It's always crushing,1,2025-10-08,BOA,Google Play,POSITIVE,0.4,[],Other,
office branches have to improve their services please,4,2025-10-06,BOA,Google Play,NEUTRAL,0.0,"['office', 'branch', 'service']",Other,office branch service
â™¥ï¸â™¥ï¸,5,2025-10-05,BOA,Google Play,NEUTRAL,0.0,"['â™¥', 'â™¥']",Other,â™¥ â™¥
Why does it keep crashing? I can't even use this. BOA should do better. You have many customers and how to deal with this. I can't send money now.,1,2025-10-05,BOA,Google Play,POSITIVE,0.5,"['boa', 'customer', 'money']",Account & Transactions,boa customer money
it needs a timely update,5,2025-10-03,BOA,Google Play,NEUTRAL,0.0,['update'],Other,update
"It does not show the name of the person who sent the money to request a receipt. This has become very difficult for us. When different people transfer the same amount to me from different banks, it is very difficult to identify the account or the name of the sender.",3,2025-10-01,BOA,Google Play,NEGATIVE,-0.26,"['name', 'person', 'money', 'receipt', 'people', 'amount', 'bank', 'account', 'name', 'sender']",Account & Transactions,name person money receipt people amount bank account name sender
I can't type my otp on it.,1,2025-10-01,BOA,Google Play,NEUTRAL,0.0,['otp'],Other,otp
"most of bank apps in Ethiopia are linked with ethiopian phone number, I live in US permanently so when I open BoA account, I told them where I live and to link it with email address instead of phone # as ethio phone number is not working where I live, unfortunetly my fear appeared and now when I change my phone device, it send the code to the ethio number which is not with me now. so please when u develop bank apps consider the diaspora community to use ur apps",1,2025-10-01,BOA,Google Play,POSITIVE,0.18181818181818182,"['bank', 'app', 'ethiopia', 'phone', 'number', 'us', 'boa', 'account', 'email', 'address', 'phone', '#', 'phone', 'number', 'fear', 'phone', 'device', 'code', 'number', 'bank', 'app', 'diaspora', 'community', 'ur', 'app']",Account & Transactions,bank app ethiopia phone number us boa account email address phone # phone number fear phone device code number bank app diaspora community ur app
jaajja,4,2025-09-30,BOA,Google Play,NEUTRAL,0.0,['jaajja'],Other,jaajja
I love this bank the best experience ever.,5,2025-09-27,BOA,Google Play,POSITIVE,0.75,"['bank', 'experience']",Account & Transactions,bank experience
"Nothing has been improved, it doesn't work like the previous version.",1,2025-09-25,BOA,Google Play,NEGATIVE,-0.16666666666666666,['version'],Other,version
easy and fast,5,2025-09-23,BOA,Google Play,POSITIVE,0.31666666666666665,[],Other,
Great,5,2025-09-20,BOA,Google Play,POSITIVE,0.8,[],Other,
mobile banking,5,2025-09-19,BOA,Google Play,NEUTRAL,0.0,['banking'],Account & Transactions,banking
ğŸ˜,5,2025-09-17,BOA,Google Play,NEUTRAL,0.0,[],Other,
"need alot of connection, chooses device, very lug even when there is connection",1,2025-09-17,BOA,Google Play,POSITIVE,0.2,"['alot', 'connection', 'device', 'lug', 'connection']",Other,alot connection device lug connection
On my ios it's perfect but on android it barley works and don't transfer and after a while it crushed and totally stopped working. Please fix the issue my beloved bank of abyssinia.,1,2025-09-15,BOA,Google Play,POSITIVE,0.4,"['io', 'barley', 'while', 'issue', 'bank', 'abyssinia']",Technical Issues,io barley while issue bank abyssinia
since the last update i can open the app crashes a lot and omg its being very slow opening and loading,2,2025-09-15,BOA,Google Play,NEGATIVE,-0.13000000000000003,"['update', 'app', 'lot', 'opening', 'loading']",User Interface & Experience,update app lot opening loading
none,5,2025-09-14,BOA,Google Play,NEUTRAL,0.0,['none'],Other,none
very good app i ever used,5,2025-09-12,BOA,Google Play,POSITIVE,0.9099999999999999,['app'],User Interface & Experience,app
its nice app especially the transaction limit is extended but We face that BoA m.banking app doesn't respond at the activation stage strictly at SMSNG mobile phone. please try this to make safe.,4,2025-09-11,BOA,Google Play,POSITIVE,0.3666666666666667,"['app', 'transaction', 'limit', 'boa', 'app', 'activation', 'stage', 'smsng', 'phone']",User Interface & Experience,app transaction limit boa app activation stage smsng phone
zedo,5,2025-09-10,BOA,Google Play,NEUTRAL,0.0,['zedo'],Other,zedo
please open my mobile app,5,2025-09-10,BOA,Google Play,NEUTRAL,0.0,['app'],User Interface & Experience,app
it doesn't open,1,2025-09-10,BOA,Google Play,NEUTRAL,0.0,[],Other,
masha alla,5,2025-09-07,BOA,Google Play,NEUTRAL,0.0,"['masha', 'alla']",Other,masha alla
Best banking transaction application in Ethiopia !,5,2025-09-05,BOA,Google Play,POSITIVE,1.0,"['banking', 'transaction', 'application', 'ethiopia']",Account & Transactions,banking transaction application ethiopia
Ø§Ù„Ø³Ù„Ø§Ù… Ø¹Ù„ÙŠÙƒÙ… ÙˆØ±Ø­Ù…Ø© Ø§Ù„Ù„Ù‡ ÙˆØ¨Ø±ÙƒØ§ØªÙ‡ Ù…Ø§Ø´Ø§Ø¡ Ø§Ù„Ù„Ù‡ ØªØ¨Ø§Ø±Ùƒ Ø§Ù„Ø±Ø­Ù…Ù† Ù‡Ø°Ø§ Ø§Ù„ØªØ·Ø¨ÙŠÙ‚ Ù…Ù…ØªØ§Ø² Ø¬Ø¯Ø§,5,2025-09-04,BOA,Google Play,NEUTRAL,0.0,"['Ø§Ù„Ø³Ù„Ø§Ù…', 'Ø¹Ù„ÙŠÙƒÙ…', 'ÙˆØ±Ø­Ù…Ø©', 'Ø§Ù„Ù„Ù‡', 'ÙˆØ¨Ø±ÙƒØ§ØªÙ‡', 'Ø§Ù„Ù„Ù‡', 'ØªØ¨Ø§Ø±Ùƒ', 'Ø§Ù„Ø±Ø­Ù…Ù†', 'Ù‡Ø°Ø§', 'Ø§Ù„ØªØ·Ø¨ÙŠÙ‚', 'Ù…Ù…ØªØ§Ø²', 'Ø¬Ø¯Ø§']",Other,Ø§Ù„Ø³Ù„Ø§Ù… Ø¹Ù„ÙŠÙƒÙ… ÙˆØ±Ø­Ù…Ø© Ø§Ù„Ù„Ù‡ ÙˆØ¨Ø±ÙƒØ§ØªÙ‡ Ø§Ù„Ù„Ù‡ ØªØ¨Ø§Ø±Ùƒ Ø§Ù„Ø±Ø­Ù…Ù† Ù‡Ø°Ø§ Ø§Ù„ØªØ·Ø¨ÙŠÙ‚ Ù…Ù…ØªØ§Ø² Ø¬Ø¯Ø§
tamaam kamal,1,2025-09-03,BOA,Google Play,NEUTRAL,0.0,"['tamaam', 'kamal']",Other,tamaam kamal
á‰ áŒ£áˆ áˆáˆªá,5,2025-09-03,BOA,Google Play,NEUTRAL,0.0,"['á‰ áŒ£áˆ', 'áˆáˆªá']",Other,á‰ áŒ£áˆ áˆáˆªá
great ğŸ‘,5,2025-09-02,BOA,Google Play,POSITIVE,0.8,[],Other,
absiniya banki,5,2025-08-29,BOA,Google Play,NEUTRAL,0.0,"['absiniya', 'banki']",Other,absiniya banki
has issue after installation and i think it doesn't work with tecno common 30,1,2025-08-26,BOA,Google Play,NEGATIVE,-0.3,"['issue', 'installation', 'tecno']",Technical Issues,issue installation tecno
One of the best in this business,5,2025-08-25,BOA,Google Play,POSITIVE,1.0,['business'],Other,business
Excellent,5,2025-08-20,BOA,Google Play,POSITIVE,1.0,[],Other,
besatğŸ¥°,5,2025-08-19,BOA,Google Play,NEUTRAL,0.0,['besat'],Other,besat
unlimited experience,5,2025-08-18,BOA,Google Play,NEUTRAL,0.0,['experience'],User Interface & Experience,experience
"as bank, u should at least hire someone good at their job bc this a joke nowadays I can't even log in or even transfer without it crashing if u fix the app I will update this review I am counting on u boa update: so they atleast fixed it but as suggestion can u put password when in final step of sending money it will feel more secure that way",4,2025-08-16,BOA,Google Play,POSITIVE,0.2333333333333333,"['bank', 'job', 'bc', 'joke', 'app', 'review', 'u', 'boa', 'update', 'suggestion', 'password', 'step', 'money', 'way']",Account & Transactions,bank job bc joke app review u boa update suggestion password step money way
very nice mobile banking app my favourite,5,2025-08-16,BOA,Google Play,POSITIVE,0.78,"['banking', 'app']",Account & Transactions,banking app
"it almost never boots up!!! and even if it did, it crashes immediately",1,2025-08-15,BOA,Google Play,NEUTRAL,0.0,['boot'],Other,boot
best apps,5,2025-08-15,BOA,Google Play,POSITIVE,1.0,['app'],User Interface & Experience,app
the worst app ever to exist in a bank history,1,2025-08-15,BOA,Google Play,NEGATIVE,-1.0,"['app', 'bank', 'history']",User Interface & Experience,app bank history
thank you,5,2025-08-13,BOA,Google Play,NEUTRAL,0.0,[],Other,
Best mobile app in the country,5,2025-08-13,BOA,Google Play,POSITIVE,1.0,"['app', 'country']",User Interface & Experience,app country
not fast,2,2025-08-12,BOA,Google Play,NEGATIVE,-0.1,[],Other,
keeps freezing at the front page.,1,2025-08-10,BOA,Google Play,NEUTRAL,0.0,['page'],Other,page
it is not working on redminote 11 pro+ pls fix it,1,2025-08-07,BOA,Google Play,NEUTRAL,0.0,"['redminote', 'pro+', 'pls']",Other,redminote pro+ pls
abseniya bank app,5,2025-08-07,BOA,Google Play,NEUTRAL,0.0,"['abseniya', 'bank', 'app']",Account & Transactions,abseniya bank app
yes goode app,5,2025-08-03,BOA,Google Play,NEUTRAL,0.0,"['goode', 'app']",User Interface & Experience,goode app
Great App,5,2025-08-02,BOA,Google Play,POSITIVE,0.8,"['great', 'app']",User Interface & Experience,great app
1) Crashes repeatedly 2) Takes Century to Boot 3) Repeatedly requires Update which is very annoying. 4) It doesn't ask for Password for one step confirmation when transferring money. 5) Automatically stops music when the app is launched (it doesn't really matter just fyi) Overall this have to be the worst mobile banking app I have tried so far and should not be released with all these bugs & issues.,1,2025-08-02,BOA,Google Play,NEGATIVE,-0.33999999999999997,"['century', 'boot', 'update', 'password', 'step', 'confirmation', 'money', 'music', 'app', 'overall', 'banking', 'app', 'bug', 'issue']",Account & Transactions,century boot update password step confirmation money music app overall banking app bug issue
áˆ¨áŒ€á‰¥áŠáˆ±,1,2025-07-31,BOA,Google Play,NEUTRAL,0.0,['áˆ¨áŒ€á‰¥áŠáˆ±'],Other,áˆ¨áŒ€á‰¥áŠáˆ±
The Worst Mobile Banking App.,1,2025-07-31,BOA,Google Play,NEGATIVE,-1.0,"['worst', 'mobile', 'banking', 'app']",User Interface & Experience,worst mobile banking app
giod,5,2025-07-30,BOA,Google Play,NEUTRAL,0.0,['giod'],Other,giod
best bank in ethiopia,5,2025-07-29,BOA,Google Play,POSITIVE,1.0,"['bank', 'ethiopia']",Account & Transactions,bank ethiopia
waqayyoo,5,2025-07-28,BOA,Google Play,NEUTRAL,0.0,['waqayyoo'],Other,waqayyoo
please is not working,2,2025-07-27,BOA,Google Play,NEUTRAL,0.0,[],Other,
nothing when I need to install the Apk it say that re-up date,5,2025-07-25,BOA,Google Play,NEUTRAL,0.0,"['apk', 're', '-', 'date']",Other,apk re - date
I can log in from any where,5,2025-07-22,BOA,Google Play,NEUTRAL,0.0,[],Other,
ğŸ˜‡,3,2025-07-20,BOA,Google Play,NEUTRAL,0.0,['ğŸ˜‡'],Other,ğŸ˜‡
no proplem,5,2025-07-20,BOA,Google Play,NEUTRAL,0.0,['proplem'],Other,proplem
ğŸ‘ğŸ‘ğŸ‘,5,2025-07-19,BOA,Google Play,NEUTRAL,0.0,[],Other,
excellent app,5,2025-07-18,BOA,Google Play,POSITIVE,1.0,['app'],User Interface & Experience,app
good work,5,2025-07-15,BOA,Google Play,POSITIVE,0.7,['work'],Other,work
â˜¹ï¸,5,2025-07-15,BOA,Google Play,NEUTRAL,0.0,['â˜¹'],Other,â˜¹
Great BoA,5,2025-07-14,BOA,Google Play,POSITIVE,0.8,['boa'],Other,boa
Okay,4,2025-07-13,BOA,Google Play,POSITIVE,0.5,[],Other,
not working,1,2025-07-12,BOA,Google Play,NEUTRAL,0.0,[],Other,
This App is Getting worse and worse with every update,2,2025-07-11,BOA,Google Play,NEGATIVE,-0.4,"['app', 'update']",User Interface & Experience,app update
áˆáˆ­áŒ¥ áŠá‹,1,2025-07-10,BOA,Google Play,NEUTRAL,0.0,['áˆáˆ­áŒ¥'],Other,áˆáˆ­áŒ¥
meku,5,2025-07-07,BOA,Google Play,NEUTRAL,0.0,['meku'],Other,meku
awasome app go a head,5,2025-07-04,BOA,Google Play,NEUTRAL,0.0,"['awasome', 'app', 'head']",User Interface & Experience,awasome app head
it sucks as hell. it crashes most of the time and takes a long time to load .,1,2025-07-02,BOA,Google Play,POSITIVE,0.05000000000000001,"['hell', 'time', 'time']",Other,hell time time
"The App is nice and easy to use but after some time it crushed and said ""Error check your device connectivity"" please fix it",3,2025-07-02,BOA,Google Play,POSITIVE,0.31111111111111106,"['app', 'time', 'error', 'device', 'connectivity']",User Interface & Experience,app time error device connectivity
Easy and very nice app to load more than the previouse but in recent time some loading problem detected.,5,2025-07-01,BOA,Google Play,POSITIVE,0.42833333333333334,"['app', 'previouse', 'time', 'loading', 'problem']",User Interface & Experience,app previouse time loading problem
"The worst MBA I have experienced, The app crush frequently and they take to long to fix the problem even more than a week.",1,2025-06-27,BOA,Google Play,POSITIVE,0.07,"['mba', 'app', 'problem', 'week']",User Interface & Experience,mba app problem week
amazing Banks AppğŸ‘ŒğŸ‘Œ,3,2025-06-25,BOA,Google Play,POSITIVE,0.6000000000000001,"['banks', 'app', 'ğŸ‘Œ', 'ğŸ‘Œ']",User Interface & Experience,banks app ğŸ‘Œ ğŸ‘Œ
good App fore me,5,2025-06-25,BOA,Google Play,POSITIVE,0.7,"['app', 'fore']",User Interface & Experience,app fore
"very uninterested it's not working when the ""developer mode on"" i haven't off the developer options i preferred to uninstall your app .....",1,2025-06-24,BOA,Google Play,POSITIVE,0.2,"['developer', 'mode', 'developer', 'option', 'app']",User Interface & Experience,developer mode developer option app
fantastic,5,2025-06-22,BOA,Google Play,POSITIVE,0.4,['fantastic'],Other,fantastic
ğŸ‘,4,2025-06-21,BOA,Google Play,NEUTRAL,0.0,[],Other,
it's nice to use.,5,2025-06-21,BOA,Google Play,POSITIVE,0.6,[],Other,
app doesn't start,1,2025-06-21,BOA,Google Play,NEUTRAL,0.0,['app'],User Interface & Experience,app
Excellent application,5,2025-06-18,BOA,Google Play,POSITIVE,1.0,['application'],User Interface & Experience,application
its very bad app its very slow,1,2025-06-17,BOA,Google Play,NEGATIVE,-0.6499999999999999,['app'],User Interface & Experience,app
á‰¥á‹™á‹¬ áˆºá‹‹á‹¨ á‰ áˆˆáŒ ,1,2025-06-15,BOA,Google Play,NEUTRAL,0.0,"['á‰¥á‹™á‹¬', 'áˆºá‹‹á‹¨', 'á‰ áˆˆáŒ ']",Other,á‰¥á‹™á‹¬ áˆºá‹‹á‹¨ á‰ áˆˆáŒ 
Good job!,5,2025-06-13,BOA,Google Play,POSITIVE,0.875,['job'],Other,job
best financial app.,5,2025-06-12,BOA,Google Play,POSITIVE,0.5,['app'],User Interface & Experience,app
á‰†áŠ•áŒ† áŠá‹ á‰ áˆ­á‰±,5,2025-06-11,BOA,Google Play,NEUTRAL,0.0,"['á‰†áŠ•áŒ†', 'áŠá‹', 'á‰ áˆ­á‰±']",Other,á‰†áŠ•áŒ† áŠá‹ á‰ áˆ­á‰±
the worst app humans ever created,1,2025-06-09,BOA,Google Play,NEGATIVE,-1.0,"['app', 'human']",User Interface & Experience,app human
it's not working,3,2025-06-05,BOA,Google Play,NEUTRAL,0.0,[],Other,
"Hello, Iâ€™m facing a problem with the BOA Mobile app. Every time I enter my phone number and password, the app crashes and shows an error that says â€œBoaMobile closed because this app has a bug.â€ I tried updating, reinstalling, and clearing cache, but nothing worked. Please fix this bug in the next update. I really need access to my account. Thank you.",1,2025-06-03,BOA,Google Play,NEUTRAL,0.03333333333333333,"['problem', 'boa', 'mobile', 'app', 'time', 'phone', 'number', 'password', 'app', 'error', 'boamobile', 'app', 'bug', 'cache', 'bug', 'update', 'access', 'account']",Technical Issues,problem boa mobile app time phone number password app error boamobile app bug cache bug update access account
exceptional,5,2025-06-03,BOA,Google Play,POSITIVE,0.6666666666666666,[],Other,
BoA Mobile good bank,5,2025-06-02,BOA,Google Play,POSITIVE,0.7,"['boa', 'mobile', 'bank']",User Interface & Experience,boa mobile bank
this is worest app 24/7 loading,1,2025-06-01,BOA,Google Play,NEUTRAL,0.0,"['app', 'loading']",User Interface & Experience,app loading
BoA system is confartable,5,2025-05-31,BOA,Google Play,NEUTRAL,0.0,"['boa', 'system']",Other,boa system
"this app, for me , is a waste of time. It doesn't work . I can't even long in, and it really piss me off. FIX THE PROBLEM",1,2025-05-27,BOA,Google Play,NEUTRAL,-0.016666666666666663,"['app', 'waste', 'time', 'fix', 'problem']",User Interface & Experience,app waste time fix problem
Good service.,3,2025-05-25,BOA,Google Play,POSITIVE,0.7,['service'],Other,service
the app crush frequently,1,2025-05-24,BOA,Google Play,POSITIVE,0.1,"['app', 'crush']",User Interface & Experience,app crush
You guys keeps getting worst,1,2025-05-22,BOA,Google Play,NEGATIVE,-1.0,['guy'],Other,guy
"This app is a joke. It crashes more than it works, takes forever to load, and half the features are just decorative at this point. Canâ€™t log in, canâ€™t transfer money, canâ€™t even check my balance without it bugging out. To the developer: Are you actually trying to make this work, or is this some kind of social experiment to test our patience? Did you build this in your sleep? Because it definitely looks like it. If this is your idea of a functional app, maybe consider a different career pathğŸ™",1,2025-05-21,BOA,Google Play,POSITIVE,0.1380952380952381,"['app', 'joke', 'feature', 'point', 'money', 'balance', 'developer', 'work', 'kind', 'experiment', 'patience', 'sleep', 'idea', 'app', 'career', 'path', 'ğŸ™']",User Interface & Experience,app joke feature point money balance developer work kind experiment patience sleep idea app career path ğŸ™
BoA,2,2025-05-20,BOA,Google Play,NEUTRAL,0.0,['boa'],Other,boa
but not opening on android,4,2025-05-19,BOA,Google Play,NEUTRAL,0.0,[],Other,
Worst App ever. Totally unreliable. And it didn't work at all for the last 4 months.,1,2025-05-18,BOA,Google Play,NEGATIVE,-0.3333333333333333,"['worst', 'app', 'month']",User Interface & Experience,worst app month
amazing,5,2025-05-18,BOA,Google Play,POSITIVE,0.6000000000000001,[],Other,
"this app does no work on Samsung a51, it just gives a preview of the logo",1,2025-05-11,BOA,Google Play,NEUTRAL,0.0,"['app', 'work', 'samsung', 'a51', 'preview', 'logo']",User Interface & Experience,app work samsung a51 preview logo
"i entered incorrect security question by mistake boa app lock pin forever, why is there no other options? ?? i contacted different branchs more then 4times but they didn't able to solve this issue .",5,2025-05-10,BOA,Google Play,POSITIVE,0.265625,"['security', 'question', 'mistake', 'boa', 'app', 'lock', 'pin', 'option', 'branch', 'issue']",User Interface & Experience,security question mistake boa app lock pin option branch issue
liking this application good ğŸ‘,5,2025-05-07,BOA,Google Play,POSITIVE,0.7,['application'],User Interface & Experience,application
"This app future is good, but there is problems with apps to reset and activate it, which is difficult even to the branch staffs, and it takes too long times to active at the branch plus most of the time high expected failure of activation after process at the counter and OTP sent not work",1,2025-05-06,BOA,Google Play,NEUTRAL,0.028888888888888884,"['app', 'future', 'problem', 'app', 'branch', 'staff', 'time', 'branch', 'time', 'failure', 'activation', 'process', 'counter', 'otp']",User Interface & Experience,app future problem app branch staff time branch time failure activation process counter otp
it's really good ğŸ‘,5,2025-04-23,BOA,Google Play,POSITIVE,0.7,[],Other,
Bad app . it stuck when you open and noting WORKS.,1,2025-04-23,BOA,Google Play,NEGATIVE,-0.3499999999999999,"['app', 'works']",User Interface & Experience,app works
"the app isn't working after it asked me the password it starts loading, but it doesn't open",3,2025-04-20,BOA,Google Play,NEUTRAL,0.0,"['app', 'password']",User Interface & Experience,app password
It keeps showing this pop up to turn off developer options even tho it's off! I had to turn on and then off to make it work! This is a horrible experience and needs a fix asap! Plus kinda slow.,1,2025-04-18,BOA,Google Play,NEGATIVE,-0.65,"['pop', 'developer', 'option', 'tho', 'experience', 'fix', 'asap']",User Interface & Experience,pop developer option tho experience fix asap
yideg,1,2025-04-17,BOA,Google Play,NEUTRAL,0.0,['yideg'],Other,yideg
great boa,5,2025-04-10,BOA,Google Play,POSITIVE,0.8,['boa'],Other,boa
boa of mobile backing,5,2025-04-09,BOA,Google Play,NEUTRAL,0.0,"['boa', 'backing']",Other,boa backing
very smart App easy to use and friendly,5,2025-11-29,Dashen,Google Play,POSITIVE,0.36230158730158735,['app'],User Interface & Experience,app
Very exemplery App to other Bank Aps !,5,2025-11-28,Dashen,Google Play,NEUTRAL,0.021875000000000006,"['exemplery', 'app', 'bank', 'aps']",User Interface & Experience,exemplery app bank aps
It Is An Amazing app,4,2025-11-28,Dashen,Google Play,POSITIVE,0.6000000000000001,['app'],User Interface & Experience,app
"its fast and easy to communicate to the app and its available all area keep it up.i will make Happy for this application thank you dashen bank for your effort,commitment and dedication. i appricated your work.",5,2025-11-26,Dashen,Google Play,POSITIVE,0.4583333333333333,"['app', 'area', 'happy', 'application', 'bank', 'effort', 'commitment', 'dedication', 'work']",User Interface & Experience,app area happy application bank effort commitment dedication work
What do you care about my phone's settings? Who are you to tell me what to turn off and on? It is my phone after all. This *develoler option* thing will cost you a lot of users who are willing to leave the bank once and for all. Turn this thing off. 6 you fear this is a security issue fix your side not mine.,1,2025-11-25,Dashen,Google Play,POSITIVE,0.25,"['phone', 'setting', 'phone', 'develoler', 'option', 'thing', 'lot', 'user', 'bank', 'thing', 'security', 'issue', 'side', 'mine']",User Interface & Experience,phone setting phone develoler option thing lot user bank thing security issue side mine
Exceptional Product.,5,2025-11-23,Dashen,Google Play,POSITIVE,0.6666666666666666,"['exceptional', 'product']",Other,exceptional product
very easy app,3,2025-11-22,Dashen,Google Play,POSITIVE,0.5633333333333334,['app'],User Interface & Experience,app
"The Dashen Super App is very impressive. It is fast, easy to use, and provides smooth access to all essential banking services. Money transfer, bill payment, balance check, and other features work efficiently without issues. The design is clean and user-friendly. Great step forward in digital banking â€” keep up the good work, Dashen Bank!..",5,2025-11-19,Dashen,Google Play,POSITIVE,0.3893939393939394,"['dashen', 'super', 'app', 'access', 'banking', 'service', 'money', 'transfer', 'bill', 'payment', 'balance', 'check', 'feature', 'issue', 'design', 'user', 'step', 'banking', 'work', 'dashen', 'bank']",User Interface & Experience,dashen super app access banking service money transfer bill payment balance check feature issue design user step banking work dashen bank
á‰ áŒ£áˆ áˆáŒ£áŠ• áˆ¥á‰¹ áŠ áˆµá‰°áˆ›áˆ›áŠ á‹ˆá‹µáŒƒá‹‹áˆˆá‹,5,2025-11-18,Dashen,Google Play,NEUTRAL,0.0,"['á‰ áŒ£áˆ', 'áˆáŒ£áŠ•', 'áˆ¥á‰¹', 'áŠ áˆµá‰°áˆ›áˆ›áŠ', 'á‹ˆá‹µáŒƒá‹‹áˆˆá‹']",Other,á‰ áŒ£áˆ áˆáŒ£áŠ• áˆ¥á‰¹ áŠ áˆµá‰°áˆ›áˆ›áŠ á‹ˆá‹µáŒƒá‹‹áˆˆá‹
bill payment options are limited in this app please add ethio telecom bill electric bill etc.. instead of adding nonsense in banking app,1,2025-11-18,Dashen,Google Play,NEGATIVE,-0.07142857142857142,"['bill', 'payment', 'option', 'app', 'telecom', 'bill', 'electric', 'bill', 'etc', 'nonsense', 'banking', 'app']",User Interface & Experience,bill payment option app telecom bill electric bill etc nonsense banking app
"it's a really slow app, I'm not sure what the issue is. Even other bank transfers are not working",2,2025-11-18,Dashen,Google Play,NEGATIVE,-0.225,"['app', 'issue', 'bank', 'transfer']",User Interface & Experience,app issue bank transfer
always updating bad stability,1,2025-11-17,Dashen,Google Play,NEGATIVE,-0.6999999999999998,['stability'],Other,stability
"it say's disable developer option, i disabled it but its not working still",1,2025-11-17,Dashen,Google Play,NEGATIVE,-0.2,"['developer', 'option']",Other,developer option
with the super app evry thing i need is just a tap away,5,2025-11-16,Dashen,Google Play,POSITIVE,0.3333333333333333,"['app', 'evry', 'thing', 'tap']",User Interface & Experience,app evry thing tap
eyita tips,1,2025-11-15,Dashen,Google Play,NEUTRAL,0.0,"['eyita', 'tip']",Other,eyita tip
clear and presize,5,2025-11-15,Dashen,Google Play,POSITIVE,0.10000000000000002,[],Other,
smooth and easy!!!,5,2025-11-14,Dashen,Google Play,POSITIVE,0.6231770833333334,[],Other,
I have had an amazing experience with this app;ot os convenient and easy to use,5,2025-11-14,Dashen,Google Play,POSITIVE,0.5166666666666667,"['experience', 'app;ot']",User Interface & Experience,experience app;ot
"All in One Super App with smooth navigation, transaction and lifestyle services",5,2025-11-14,Dashen,Google Play,POSITIVE,0.3666666666666667,"['super', 'app', 'navigation', 'transaction', 'lifestyle', 'service']",User Interface & Experience,super app navigation transaction lifestyle service
Very nice App.,5,2025-11-14,Dashen,Google Play,POSITIVE,0.78,['app'],User Interface & Experience,app
system failure transfer to others account,2,2025-11-13,Dashen,Google Play,NEGATIVE,-0.3166666666666667,"['system', 'failure', 'transfer', 'other']",Account & Transactions,system failure transfer other
"Only the UI/UX is good, but it doesn't function properly. It's a shame that a leading tech bank has such an app. Amole is far better.",1,2025-11-13,Dashen,Google Play,POSITIVE,0.21666666666666665,"['ui', 'ux', 'shame', 'tech', 'bank', 'app', 'amole']",User Interface & Experience,ui ux shame tech bank app amole
"excellent app. to use perfectlly to pay,transfer,tele airtime and so on.",5,2025-11-12,Dashen,Google Play,POSITIVE,1.0,"['app', 'transfer', 'tele', 'airtime']",User Interface & Experience,app transfer tele airtime
wow dashen bank super app,5,2025-11-12,Dashen,Google Play,POSITIVE,0.21666666666666667,"['bank', 'app']",User Interface & Experience,bank app
"This so-called â€œSuper Appâ€ is a complete disappointment. Itâ€™s confusing, slow, and full of glitches honestly, it feels like it was designed to test peopleâ€™s patience, not to help them bank. Calling it â€œsuperâ€ is a joke; itâ€™s one of the most useless apps Iâ€™ve ever used.",1,2025-11-11,Dashen,Google Play,POSITIVE,0.05166666666666666,"['super', 'app', 'disappointment', 'glitch', 'people', 'patience', 'bank', 'joke', 'app']",User Interface & Experience,super app disappointment glitch people patience bank joke app
Best Mobile Banking App in Ethiopia .,5,2025-11-11,Dashen,Google Play,POSITIVE,1.0,"['best', 'mobile', 'banking', 'app', 'ethiopia']",User Interface & Experience,best mobile banking app ethiopia
very nice app I have ever seen,5,2025-11-10,Dashen,Google Play,POSITIVE,0.78,['app'],User Interface & Experience,app
NASTY BANK . EVEN THE SUPPER APP IS NOT WORKING WELL. WHEN I AM CALLING THEM THEY ARE NOT RESPONSE . PLEASE DON'T USE THIS APP BECAUSE YOU WILL LOSS YOU TIME ;ENERGY AND EVERYTHING . HOPELESS Bank .,1,2025-11-10,Dashen,Google Play,NEGATIVE,-1.0,"['nasty', 'bank', 'supper', 'app', 'response', 'app', 'time', 'energy', 'hopeless', 'bank']",User Interface & Experience,nasty bank supper app response app time energy hopeless bank
it's good but is not fast,5,2025-11-09,Dashen,Google Play,POSITIVE,0.3,[],Other,
your financial system must improved,4,2025-11-09,Dashen,Google Play,NEUTRAL,0.0,['system'],Other,system
your service is too good,5,2025-11-08,Dashen,Google Play,POSITIVE,0.7,['service'],Customer Support,service
good experience,5,2025-11-08,Dashen,Google Play,POSITIVE,0.7,['experience'],User Interface & Experience,experience
"Amazing app, ğŸ‘",5,2025-11-07,Dashen,Google Play,POSITIVE,0.6000000000000001,"['app', 'ğŸ‘']",User Interface & Experience,app ğŸ‘
wooow,5,2025-11-07,Dashen,Google Play,NEUTRAL,0.0,['wooow'],Other,wooow
Nice app,5,2025-11-07,Dashen,Google Play,POSITIVE,0.6,['app'],User Interface & Experience,app
"easy to use, friendly",5,2025-11-06,Dashen,Google Play,POSITIVE,0.4041666666666667,[],Other,
"12yr more LC, UCP & ICC & loan",5,2025-11-06,Dashen,Google Play,POSITIVE,0.5,"['12yr', 'lc', 'ucp', 'icc', 'loan']",Other,12yr lc ucp icc loan
"not attractive and friendly app. Check Awash, CBE apps",1,2025-11-06,Dashen,Google Play,NEUTRAL,-0.012500000000000011,"['app', 'check', 'awash', 'cbe', 'app']",User Interface & Experience,app check awash cbe app
amzing,5,2025-11-06,Dashen,Google Play,NEUTRAL,0.0,[],Other,
"The Dashen Super App is very impressive. It is fast, easy to use, and provides smooth access to all essential banking services. Money transfer, bill payment, balance check, and other features work efficiently without issues. The design is clean and user-friendly. Great step forward in digital banking â€” keep up the good work, Dashen Bank!",5,2025-11-05,Dashen,Google Play,POSITIVE,0.3893939393939394,"['dashen', 'super', 'app', 'access', 'banking', 'service', 'money', 'transfer', 'bill', 'payment', 'balance', 'check', 'feature', 'issue', 'design', 'user', 'step', 'banking', 'work', 'dashen', 'bank']",User Interface & Experience,dashen super app access banking service money transfer bill payment balance check feature issue design user step banking work dashen bank
betam kerfafa naw,1,2025-11-05,Dashen,Google Play,NEUTRAL,0.0,"['betam', 'kerfafa', 'naw']",Other,betam kerfafa naw
worst app ever,1,2025-11-05,Dashen,Google Play,NEGATIVE,-1.0,['app'],User Interface & Experience,app
"Dashen, always two step ahead.",5,2025-11-05,Dashen,Google Play,NEUTRAL,0.0,['step'],Other,step
"Please try to fix the barrier between other banks specially with ""Commercial bank of Ethiopia""",3,2025-11-05,Dashen,Google Play,POSITIVE,0.07738095238095238,"['barrier', 'bank', 'bank', 'ethiopia']",Other,barrier bank bank ethiopia
i am using,5,2025-11-05,Dashen,Google Play,NEUTRAL,0.0,[],Other,
It is a wonderful App developed by a local talent. It deserves an appreciation. It will continue to evolve with new exciting features.,5,2025-11-05,Dashen,Google Play,POSITIVE,0.30727272727272725,"['app', 'talent', 'appreciation', 'feature']",User Interface & Experience,app talent appreciation feature
wonderful app,5,2025-11-05,Dashen,Google Play,POSITIVE,1.0,['app'],User Interface & Experience,app
"i love the app it features are perfect, but it asks to update too many times to activate your need to visit a nearest branch and that takes time. other than that the app is great I like it",5,2025-11-04,Dashen,Google Play,POSITIVE,0.5349999999999999,"['app', 'time', 'need', 'branch', 'time', 'app']",User Interface & Experience,app time need branch time app
go ahead,5,2025-11-04,Dashen,Google Play,NEUTRAL,0.0,[],Other,
its supper,5,2025-11-04,Dashen,Google Play,NEUTRAL,0.0,['supper'],Other,supper
it's so boring,1,2025-11-04,Dashen,Google Play,NEGATIVE,-1.0,[],Other,
Dashen Bank Super App is the latest version of online banking system that is the gift from Dashen bank for us Thanks to Dashen,5,2025-11-04,Dashen,Google Play,POSITIVE,0.3444444444444444,"['dashen', 'bank', 'super', 'app', 'version', 'banking', 'system', 'gift', 'dashen', 'bank', 'thank']",User Interface & Experience,dashen bank super app version banking system gift dashen bank thank
"i rarely leave reviews, but this app truely deserves one.it's efficient ,secure , reliable and makes fanancial tasks effortless.definitely 5 stars for this exceptional app",5,2025-11-04,Dashen,Google Play,POSITIVE,0.4291666666666666,"['review', 'app', 'one.it', 'task', 'star', 'app']",User Interface & Experience,review app one.it task star app
it has improved very much lately its working more and getting better but yet it is not fully fixed some time at night it doesn't work..i think the problem is it was launched too early.,3,2025-11-04,Dashen,Google Play,POSITIVE,0.18,"['time', 'night', 'problem']",Other,time night problem
Amazing,5,2025-11-03,Dashen,Google Play,POSITIVE,0.6000000000000001,[],Other,
wow dashen bank,5,2025-11-03,Dashen,Google Play,POSITIVE,0.1,['bank'],Other,bank
á‰¥á‹™ áŠáŒ‰áˆ­ á‹­á‰€áˆ¨á‹‹áˆ á‹ˆá‹° áŠ á‘ áˆµáŒˆá‰£ á‰ áŒ£áˆ á‹­á‹˜áŒˆá‹«áˆ á‰£áŒ­áˆ© á‰€áˆ­á‹á‹ áŠá‹,4,2025-11-02,Dashen,Google Play,NEUTRAL,0.0,"['á‰¥á‹™', 'áŠáŒ‰áˆ­', 'á‹­á‰€áˆ¨á‹‹áˆ', 'á‹ˆá‹°', 'áŠ á‘', 'áˆµáŒˆá‰£', 'á‰ áŒ£áˆ', 'á‹­á‹˜áŒˆá‹«áˆ', 'á‰£áŒ­áˆ©', 'á‰€áˆ­á‹á‹', 'áŠá‹']",Other,á‰¥á‹™ áŠáŒ‰áˆ­ á‹­á‰€áˆ¨á‹‹áˆ á‹ˆá‹° áŠ á‘ áˆµáŒˆá‰£ á‰ áŒ£áˆ á‹­á‹˜áŒˆá‹«áˆ á‰£áŒ­áˆ© á‰€áˆ­á‹á‹ áŠá‹
"I just updated my app to the latest version and I couldn't even see my balance, send money or do anything. It says service is unavailable and it will be fixed soon.",5,2025-11-01,Dashen,Google Play,POSITIVE,0.3,"['app', 'version', 'balance', 'money', 'service']",User Interface & Experience,app version balance money service
it's too slow,1,2025-11-01,Dashen,Google Play,NEGATIVE,-0.30000000000000004,[],Other,
"Before the recent update, this app was great. Now, the home page is cluttered with promotions and banners, which really hurts the experience. I think the app stopped being banking app and started only to promote b/c 95% of the app is only ads, also full of bugs",1,2025-11-01,Dashen,Google Play,POSITIVE,0.225,"['update', 'app', 'home', 'page', 'promotion', 'banner', 'experience', 'app', 'app', 'b', 'c', '%', 'app', 'ad', 'bug']",User Interface & Experience,update app home page promotion banner experience app app b c % app ad bug
"This might be the worst banking app I've ever used I dont know why kind of bug it is but suddenly the apps stops working it says ""Temporarily unavailable"" for a simple feature like viewing account balance and in person visit was no help it took them longer than 2 hours to fix it and even after that 2 weeks later the same problem just because of this I'm going to stop using the bank altogether which is a shame because it's a decent bank",1,2025-11-01,Dashen,Google Play,NEUTRAL,-0.03333333333333334,"['banking', 'app', 'kind', 'bug', 'app', 'feature', 'account', 'balance', 'person', 'visit', 'help', 'hour', 'week', 'problem', 'bank', 'shame', 'bank']",User Interface & Experience,banking app kind bug app feature account balance person visit help hour week problem bank shame bank
The worst app ever. Extremely unreliable. Such a shame for a big bank.,1,2025-10-31,Dashen,Google Play,NEGATIVE,-0.28125,"['app', 'shame', 'bank']",User Interface & Experience,app shame bank
app is too slow not opening fast,1,2025-10-30,Dashen,Google Play,NEGATIVE,-0.05000000000000002,['app'],User Interface & Experience,app
"it's seems to have some improvements, I don't know what's going on with this app sometimes get collapseed. This is not expected from Dashen bank, which is amongst from famous and greatest banks.",1,2025-10-30,Dashen,Google Play,POSITIVE,0.5166666666666667,"['improvement', 'app', 'collapseed', 'dashen', 'bank', 'bank']",User Interface & Experience,improvement app collapseed dashen bank bank
very nise good,5,2025-10-30,Dashen,Google Play,POSITIVE,0.44999999999999996,[],Other,
very interesting,5,2025-10-30,Dashen,Google Play,POSITIVE,0.65,[],Other,
what your emplyees tell as about the app when they came to our store and what actually the app is different,1,2025-10-30,Dashen,Google Play,NEUTRAL,0.0,"['emplyee', 'app', 'store', 'app']",User Interface & Experience,emplyee app store app
Excellent promotion,5,2025-10-29,Dashen,Google Play,POSITIVE,1.0,['promotion'],Other,promotion
viry good,5,2025-10-29,Dashen,Google Play,POSITIVE,0.7,"['viry', 'good']",Other,viry good
"Dashen Bank Super App is incredibly convenient! Easy to use, fast, and reliable â€“ a great app to manage everything in one place.",5,2025-10-29,Dashen,Google Play,POSITIVE,0.5533333333333333,"['dashen', 'bank', 'super', 'app', 'app', 'place']",User Interface & Experience,dashen bank super app app place
it is the worst app ever istg ğŸ¤®ğŸ¤®ğŸ¤®,1,2025-10-28,Dashen,Google Play,NEGATIVE,-1.0,"['app', 'ğŸ¤®']",User Interface & Experience,app ğŸ¤®
"Dashen Super App is a game-changer with its sleek, user-friendly interface. Lightning-fast responses and seamless navigation make every task a breeze. Love the organized layout and clear features that save time daily. Fantastic workâ€”highly recommended for effortless banking!",5,2025-10-28,Dashen,Google Play,POSITIVE,0.2555555555555556,"['dashen', 'super', 'app', 'game', 'changer', 'user', 'interface', 'lightning', 'response', 'navigation', 'task', 'breeze', 'layout', 'feature', 'time', 'work', 'effortless', 'banking']",User Interface & Experience,dashen super app game changer user interface lightning response navigation task breeze layout feature time work effortless banking
"The design is clean and modern, and everything works smoothly without bugs. I love how reliable the app is it makes banking so convenient.",5,2025-10-28,Dashen,Google Play,POSITIVE,0.3666666666666667,"['design', 'bug', 'app', 'banking']",User Interface & Experience,design bug app banking
"A true banking super app! The Dashen Super App combines great design, security, and an impressive range of features. Highly recommended for anyone looking for a complete digital banking experience.",5,2025-10-28,Dashen,Google Play,POSITIVE,0.395,"['banking', 'app', 'dashen', 'super', 'app', 'design', 'security', 'range', 'feature', 'banking', 'experience']",User Interface & Experience,banking app dashen super app design security range feature banking experience
"â€‹I appreciate that this app allowed me to access multiple services in one centralized place. Thank you, Dashen Bank!",5,2025-10-28,Dashen,Google Play,NEUTRAL,0.0,"['app', 'service', 'place', 'dashen', 'bank']",User Interface & Experience,app service place dashen bank
"This app makes my day-to-day payments so easy. Everything works perfectly, and it saves me a lot of time.",5,2025-10-28,Dashen,Google Play,POSITIVE,0.7166666666666667,"['app', 'day', 'day', 'payment', 'lot', 'time']",User Interface & Experience,app day day payment lot time
Itâ€™s impressive how consistently the app is improving. Iâ€™ve been using it for months and they have improved a lot in terms of not only beauty but also performance wise.,5,2025-10-28,Dashen,Google Play,POSITIVE,0.4875,"['app', 'month', 'lot', 'term', 'beauty']",User Interface & Experience,app month lot term beauty
This app has replaced several others for me. It has everything I need in one place.,5,2025-10-28,Dashen,Google Play,NEUTRAL,0.0,"['app', 'other', 'place']",User Interface & Experience,app other place
"The app has evolved impressively over time. The latest release adds dark and light modes that enhance usability and design. Itâ€™s intuitive, modern, and clearly built with the user in mind â€” setting a new benchmark for digital banking.",5,2025-10-28,Dashen,Google Play,POSITIVE,0.2732954545454545,"['app', 'time', 'release', 'light', 'mode', 'usability', 'design', 'user', 'mind', 'benchmark', 'banking']",User Interface & Experience,app time release light mode usability design user mind benchmark banking
"Dashen superapp just keeps improving. The new theme options are beautiful, and the overall experience is faster and smoother than ever",5,2025-10-28,Dashen,Google Play,POSITIVE,0.3287878787878788,"['superapp', 'theme', 'option', 'experience']",User Interface & Experience,superapp theme option experience
I have been using this app for months and its easy to use and is user friendly thanks Dashen bank.,5,2025-10-28,Dashen,Google Play,POSITIVE,0.3361111111111111,"['app', 'month', 'easy', 'user', 'thank', 'bank']",User Interface & Experience,app month easy user thank bank
"Finally, banking made simple! Everything I need is in one super app. A true game changer for managing my finances on the go.",5,2025-10-28,Dashen,Google Play,POSITIVE,0.056666666666666664,"['banking', 'app', 'game', 'changer', 'finance', 'go']",User Interface & Experience,banking app game changer finance go
"Iâ€™ve been using the the App, and itâ€™s been working really well for my daily transactions. Good work ğŸ‘Œ",5,2025-10-28,Dashen,Google Play,POSITIVE,0.3,"['app', 'transaction', 'work']",User Interface & Experience,app transaction work
"I appreciate how secure this app feels. Every transaction comes with confirmation, and I always get alerts immediately.",5,2025-10-28,Dashen,Google Play,POSITIVE,0.4,"['app', 'transaction', 'confirmation', 'alert']",User Interface & Experience,app transaction confirmation alert
I love the new dark theme it gives the app modern feel n make it more comfortable to use,5,2025-10-28,Dashen,Google Play,POSITIVE,0.2643939393939394,"['theme', 'app', 'feel']",User Interface & Experience,theme app feel
"This is amazing app, as it name ,truly supper.",5,2025-10-28,Dashen,Google Play,POSITIVE,0.6000000000000001,"['app', 'supper']",User Interface & Experience,app supper
This is one of the most user friendly and impressive apps I have encountered in the banking sector,5,2025-10-28,Dashen,Google Play,POSITIVE,0.625,"['user', 'app', 'banking', 'sector']",User Interface & Experience,user app banking sector
"Amazing UI and UX, the dark mode looks absolutely awesome!",5,2025-10-28,Dashen,Google Play,POSITIVE,0.4833333333333334,"['ui', 'ux', 'mode']",User Interface & Experience,ui ux mode
The updated design looks amazing. I really appreciate being able to switch between dark and light mode itâ€™s a small change that makes a big difference!,5,2025-10-28,Dashen,Google Play,POSITIVE,0.18571428571428575,"['design', 'mode', 'change', 'difference']",User Interface & Experience,design mode change difference
Astonishing interface with ease of access and complete performance,5,2025-10-28,Dashen,Google Play,POSITIVE,0.3,"['interface', 'ease', 'access', 'performance']",Other,interface ease access performance
"I rarely leave reviews, but this app truly deserves one. Itâ€™s efficient, secure, and makes financial tasks effortless. Definitely a 5-star experience",5,2025-10-28,Dashen,Google Play,POSITIVE,0.175,"['review', 'app', 'task', 'effortless', 'star', 'experience']",User Interface & Experience,review app task effortless star experience
stunning UI with reliable service!,5,2025-10-28,Dashen,Google Play,POSITIVE,0.625,"['ui', 'service']",User Interface & Experience,ui service
"Super Up is the ultimate digital banking app, living up to its name with speed, efficiency, and innovation. Designed for a seamless experience, it offers lightning-fast transactions, top-tier security, and effortless financial management. With Super Up, banking has never been this smooth, smart, and super!",5,2025-10-27,Dashen,Google Play,POSITIVE,0.18976190476190474,"['super', 'banking', 'app', 'name', 'speed', 'efficiency', 'innovation', 'experience', 'lightning', 'transaction', 'tier', 'security', 'management', 'super', 'up', 'banking']",User Interface & Experience,super banking app name speed efficiency innovation experience lightning transaction tier security management super up banking
"The UI is impressive, but adding an ATM withdrawal feature for cardless cash access would enhance functionality. This may require updates to the ATM system as well. Please consider this, dev team.",4,2025-10-22,Dashen,Google Play,POSITIVE,1.0,"['ui', 'atm', 'withdrawal', 'feature', 'cardless', 'cash', 'access', 'functionality', 'update', 'atm', 'system', 'dev', 'team']",User Interface & Experience,ui atm withdrawal feature cardless cash access functionality update atm system dev team
convinent,5,2025-10-22,Dashen,Google Play,NEUTRAL,0.0,[],Other,
it is Excellent April jest continue more abeaten.....,4,2025-10-19,Dashen,Google Play,POSITIVE,0.75,"['excellent', 'april', 'jest', 'abeaten']",Other,excellent april jest abeaten
I like it,5,2025-10-18,Dashen,Google Play,NEUTRAL,0.0,[],Other,
abdrug bentahuuuu,3,2025-10-16,Dashen,Google Play,NEUTRAL,0.0,"['abdrug', 'bentahuuuu']",Other,abdrug bentahuuuu
"Dashen SuperApp is the worst app for me because it consistently fails during transfers. When I try to send money, the transaction freezes for extended periodsâ€”sometimes a full day, and often two or three days or more. Crucially, the funds are neither delivered to the recipient nor immediately refunded to my account, which is incredibly frustrating and makes me feel like I've lost my money. The app urgently needs a technical update to ensure transactions process smoothly and reliably.",1,2025-10-14,Dashen,Google Play,NEGATIVE,-0.08124999999999998,"['dashen', 'superapp', 'app', 'transfer', 'money', 'transaction', 'period', 'day', 'day', 'fund', 'recipient', 'account', 'money', 'app', 'update', 'transaction', 'process']",User Interface & Experience,dashen superapp app transfer money transaction period day day fund recipient account money app update transaction process
Best application,5,2025-10-14,Dashen,Google Play,POSITIVE,1.0,['application'],Other,application
easy,5,2025-10-14,Dashen,Google Play,POSITIVE,0.43333333333333335,[],Other,
lmo,5,2025-10-13,Dashen,Google Play,NEUTRAL,0.0,['lmo'],Other,lmo
meseret birara,5,2025-10-12,Dashen,Google Play,NEUTRAL,0.0,"['meseret', 'birara']",Other,meseret birara
it doesn't let me open my account,1,2025-10-12,Dashen,Google Play,NEUTRAL,0.0,['account'],Account & Transactions,account
it is the best,5,2025-10-11,Dashen,Google Play,POSITIVE,1.0,[],Other,
nice and best,5,2025-10-10,Dashen,Google Play,POSITIVE,0.8,[],Other,
Finish the app development fully before you give the final result. It's is very inconvenient and not that reliable at the moment.,1,2025-10-08,Dashen,Google Play,NEGATIVE,-0.39,"['app', 'development', 'result', 'moment']",User Interface & Experience,app development result moment
hayelu Beranu Bashre,5,2025-10-07,Dashen,Google Play,NEUTRAL,0.0,"['hayelu', 'beranu', 'bashre']",Other,hayelu beranu bashre
ğŸ‘ğŸ‘ğŸ‘ğŸ‘ğŸ‘ğŸ‘ğŸ‘ğŸ‘ connection not fast,5,2025-10-07,Dashen,Google Play,NEGATIVE,-0.1,"['ğŸ‘', 'ğŸ‘', 'ğŸ‘', 'ğŸ‘', 'ğŸ‘', 'ğŸ‘', 'ğŸ‘', 'ğŸ‘', 'connection']",Other,ğŸ‘ ğŸ‘ ğŸ‘ ğŸ‘ ğŸ‘ ğŸ‘ ğŸ‘ ğŸ‘ connection
"@Shewangizaw L. As a heavy user of the app , the issue you raised around resetting pass pin concerned me and gave it a try and found it to be safe. Basically the app will do two things: verifies one using an otp and then requires an in-person visit to bank's physical branch for final verification after resetting the password. Therefore, safe to use! I wish ""i""nformational tip was added around the reset button. Could not attach screenshot.",4,2025-10-06,Dashen,Google Play,POSITIVE,0.185,"['@shewangizaw', 'l.', 'user', 'app', 'issue', 'pass', 'pin', 'try', 'app', 'thing', 'verifie', 'otp', 'person', 'visit', 'bank', 'branch', 'verification', 'password', 'tip', 'reset', 'button', 'screenshot']",User Interface & Experience,@shewangizaw l. user app issue pass pin try app thing verifie otp person visit bank branch verification password tip reset button screenshot
perfect,5,2025-10-06,Dashen,Google Play,POSITIVE,1.0,[],Other,
for dashen bankk it is best app so why your bank onlyu one one app for mobile banking that means superr app,5,2025-10-05,Dashen,Google Play,POSITIVE,1.0,"['bankk', 'app', 'bank', 'app', 'banking', 'superr', 'app']",User Interface & Experience,bankk app bank app banking superr app
tadesa melka tulluu,1,2025-10-04,Dashen,Google Play,NEUTRAL,0.0,"['tadesa', 'melka', 'tulluu']",Other,tadesa melka tulluu
I can't open virtual account.I have been trying it for about 3 days still no resolve.,2,2025-10-04,Dashen,Google Play,NEUTRAL,0.0,"['account', 'day', 'resolve']",Account & Transactions,account day resolve
App is passive when compare to Amole it takes 3-5 seconds to open and i cannot refresh transactions what i did.,1,2025-10-03,Dashen,Google Play,NEUTRAL,0.0,"['app', 'amole', 'second', 'transaction']",User Interface & Experience,app amole second transaction
withdraw,1,2025-10-02,Dashen,Google Play,NEUTRAL,0.0,[],Other,
It takes gazillion years to open ğŸ˜¶,3,2025-10-02,Dashen,Google Play,NEUTRAL,0.0,"['gazillion', 'year', 'ğŸ˜¶']",Other,gazillion year ğŸ˜¶
this app is outstanding,5,2025-10-01,Dashen,Google Play,POSITIVE,0.5,['app'],User Interface & Experience,app
totally bad,1,2025-10-01,Dashen,Google Play,NEGATIVE,-0.6999999999999998,[],Other,
I really appreciate but we can't use it if don't have balance or data access,2,2025-10-01,Dashen,Google Play,POSITIVE,0.2,"['balance', 'data', 'access']",Account & Transactions,balance data access
áˆ™áŠáŒƒá‰µ áŠ á‰¥á‹µáˆ‹ áˆ¸áˆ¨á,2,2025-09-30,Dashen,Google Play,NEUTRAL,0.0,"['áˆ™áŠáŒƒá‰µ', 'áˆ¸áˆ¨á']",Other,áˆ™áŠáŒƒá‰µ áˆ¸áˆ¨á
it fast service,5,2025-09-29,Dashen,Google Play,POSITIVE,0.2,['service'],Customer Support,service
"Good improvements after the Sep 25, 2025 update.",4,2025-09-29,Dashen,Google Play,POSITIVE,0.7,"['improvement', 'sep', 'update']",Other,improvement sep update
I have one issue though what if the mobile phone with the sim is stolen and have no pattern or pin. The app allows to reset the pin directly without 2FA like finger print just by sending sms. which is a big gap. It should be addressed I didn't expect but it does and no trust at all.,1,2025-09-28,Dashen,Google Play,NEUTRAL,0.05,"['issue', 'phone', 'sim', 'pattern', 'pin', 'app', 'pin', 'finger', 'print', 'sm', 'gap', 'trust']",User Interface & Experience,issue phone sim pattern pin app pin finger print sm gap trust
I love it ğŸ‘,5,2025-09-28,Dashen,Google Play,POSITIVE,0.5,[],Other,
gooe,5,2025-09-27,Dashen,Google Play,NEUTRAL,0.0,['gooe'],Other,gooe
Dashen super app is the best all ethiopian banks keep it,5,2025-09-27,Dashen,Google Play,POSITIVE,0.6666666666666666,"['app', 'bank']",User Interface & Experience,app bank
cool app,5,2025-09-27,Dashen,Google Play,POSITIVE,0.35,['app'],User Interface & Experience,app
App That makes cashless society in our century and Easy to use.,5,2025-09-27,Dashen,Google Play,POSITIVE,0.43333333333333335,"['app', 'cashless', 'society', 'century', 'easy']",User Interface & Experience,app cashless society century easy
tadass,1,2025-09-27,Dashen,Google Play,NEUTRAL,0.0,['tadass'],Other,tadass
áˆ™áˆƒáŒ‚áˆ«,1,2025-09-27,Dashen,Google Play,NEUTRAL,0.0,['áˆ™áˆƒáŒ‚áˆ«'],Other,áˆ™áˆƒáŒ‚áˆ«
It is an amazing app and all in one,5,2025-09-27,Dashen,Google Play,POSITIVE,0.6000000000000001,['app'],User Interface & Experience,app
i dont like it,1,2025-09-27,Dashen,Google Play,NEUTRAL,0.0,[],Other,
Dashen is the Future,5,2025-09-27,Dashen,Google Play,NEUTRAL,0.0,['future'],Other,future
the best version in ğŸ‡ªğŸ‡¹,5,2025-09-27,Dashen,Google Play,POSITIVE,1.0,"['version', 'ğŸ‡ª', 'ğŸ‡¹']",Other,version ğŸ‡ª ğŸ‡¹
"its amazing app, visually stunning",5,2025-09-26,Dashen,Google Play,POSITIVE,0.55,['app'],User Interface & Experience,app
"Updates every time ğŸ¥², when it's updated, it doesn't work at all. ğŸ˜­",1,2025-09-26,Dashen,Google Play,NEUTRAL,0.0,"['update', 'time', 'ğŸ¥²', 'ğŸ˜­']",Other,update time ğŸ¥² ğŸ˜­
the best app from other dashen is unique its fast app ever i had in my life,5,2025-09-26,Dashen,Google Play,POSITIVE,0.3625,"['app', 'dashen', 'app', 'life']",User Interface & Experience,app dashen app life
I love the new user interface,5,2025-09-26,Dashen,Google Play,POSITIVE,0.3181818181818182,"['user', 'interface']",User Interface & Experience,user interface
"Appreciated, Always one step ahead!",5,2025-09-26,Dashen,Google Play,POSITIVE,0.25,['step'],Other,step
The app stops working whenever there is an update unless you update the app. But it is better if it kept working on and updating should be optional.,3,2025-09-26,Dashen,Google Play,POSITIVE,0.5,"['app', 'update', 'app']",User Interface & Experience,app update app
"This is the first time i have experienced this much cool app out of all the other mobile banking platforms, im genuinely happy to see this kind of app here, tnx",5,2025-09-26,Dashen,Google Play,POSITIVE,0.44583333333333336,"['time', 'app', 'banking', 'platform', 'kind', 'app', 'tnx']",User Interface & Experience,time app banking platform kind app tnx
it can't do without data or wifi,1,2025-09-26,Dashen,Google Play,NEUTRAL,0.0,"['datum', 'wifi']",Other,datum wifi
"The best UI banking app from all those I used, other Ethiopian banks I used have a really old UI. This is very neat and easy to use. Also so reliable.",5,2025-09-26,Dashen,Google Play,POSITIVE,0.32166666666666666,"['ui', 'banking', 'app', 'bank', 'ui']",User Interface & Experience,ui banking app bank ui
So nice !,5,2025-09-26,Dashen,Google Play,POSITIVE,0.75,[],Other,
What's the problem with this app's that asking for updates on a daily basis?,1,2025-09-25,Dashen,Google Play,NEUTRAL,0.0,"['problem', 'app', 'update', 'basis']",User Interface & Experience,problem app update basis
"Wow, I really loved the new UI/UX! Great job, Dashen Bank! You guys are the best mobile banking in Ethiopia.",5,2025-09-25,Dashen,Google Play,POSITIVE,0.594090909090909,"['ui', 'ux', 'job', 'dashen', 'bank', 'guy', 'banking', 'ethiopia']",User Interface & Experience,ui ux job dashen bank guy banking ethiopia
excellent UI improvement ğŸ’¯ğŸ’¯,5,2025-09-24,Dashen,Google Play,POSITIVE,1.0,"['ui', 'improvement']",User Interface & Experience,ui improvement
one of the best app in Ethiopia .,5,2025-09-24,Dashen,Google Play,POSITIVE,1.0,"['app', 'ethiopia']",User Interface & Experience,app ethiopia
great app,5,2025-09-23,Dashen,Google Play,POSITIVE,0.8,['app'],User Interface & Experience,app
it is good but some times says duplicate transaction why? and text,5,2025-09-23,Dashen,Google Play,POSITIVE,0.7,"['time', 'transaction', 'text']",Account & Transactions,time transaction text
The worst app. It needs updating everyday. Ouch ğŸ¤•,1,2025-09-19,Dashen,Google Play,NEGATIVE,-0.6,"['app', 'ouch', 'ğŸ¤•']",User Interface & Experience,app ouch ğŸ¤•
safe and secure,3,2025-09-18,Dashen,Google Play,POSITIVE,0.45,[],Other,
á‰ áŒ£áˆ áˆá‰¹ áŠá‹,4,2025-09-14,Dashen,Google Play,NEUTRAL,0.0,"['á‰ áŒ£áˆ', 'áˆá‰¹']",Other,á‰ áŒ£áˆ áˆá‰¹
"is not working right now with snmsung galaxy f15, please help me",1,2025-09-14,Dashen,Google Play,POSITIVE,0.2857142857142857,"['snmsung', 'galaxy', 'f15']",Other,snmsung galaxy f15
Your staffs are really hardworking but the app is not like your employees,3,2025-09-12,Dashen,Google Play,POSITIVE,0.2,"['staff', 'app', 'employee']",User Interface & Experience,staff app employee
á‹³áˆºá‰£áŠ­,5,2025-09-11,Dashen,Google Play,NEUTRAL,0.0,['á‹³áˆºá‰£áŠ­'],Other,á‹³áˆºá‰£áŠ­
total,5,2025-09-11,Dashen,Google Play,NEUTRAL,0.0,['total'],Other,total
dashen super app is the best,5,2025-09-10,Dashen,Google Play,POSITIVE,0.6666666666666666,"['dashen', 'app']",User Interface & Experience,dashen app
zero sezzs55sá‹¨á‹¨á‹ˆá‹°áˆ áˆ«á‹Šá‰± á‹°á‹¨áŠ¥á‹«á‰»á‰»áˆ‰ áˆá‹¨á‹¨áˆ˜áŠ•á‹° á‹°áˆ á‹¨áˆ°á‹ á‹¨á‹¨áˆ˜áŠ• á‹¨áˆ°á‹ á¢á‹°áˆ áˆáˆ›áˆšáŒ€á‹¨á‹¨,5,2025-09-09,Dashen,Google Play,NEUTRAL,0.0,"['sezzs55sá‹¨á‹¨á‹ˆá‹°áˆ áˆ«á‹Šá‰±', 'á‹°á‹¨áŠ¥á‹«á‰»á‰»áˆ‰', 'áˆá‹¨á‹¨áˆ˜áŠ•á‹°', 'á‹°áˆ', 'á‹¨áˆ°á‹', 'á‹¨áˆ°á‹', 'á¢á‹°áˆ', 'áˆáˆ›áˆšáŒ€á‹¨á‹¨']",Other,sezzs55sá‹¨á‹¨á‹ˆá‹°áˆ áˆ«á‹Šá‰± á‹°á‹¨áŠ¥á‹«á‰»á‰»áˆ‰ áˆá‹¨á‹¨áˆ˜áŠ•á‹° á‹°áˆ á‹¨áˆ°á‹ á‹¨áˆ°á‹ á¢á‹°áˆ áˆáˆ›áˆšáŒ€á‹¨á‹¨
not werke,2,2025-09-08,Dashen,Google Play,NEUTRAL,0.0,[],Other,
what happened to dashen bank? this is by far the worst banking app. extremely slow when it works and is out of service all the time,1,2025-09-08,Dashen,Google Play,NEGATIVE,-0.4000000000000001,"['bank', 'banking', 'app', 'service', 'time']",User Interface & Experience,bank banking app service time
simple and easy to use,5,2025-09-08,Dashen,Google Play,POSITIVE,0.21666666666666667,[],Other,
meke,4,2025-09-07,Dashen,Google Play,NEUTRAL,0.0,['meke'],Other,meke
"not a great app compared to the others ,It freezes randomly ,Takes a lot to load ,and a lot of errors while sending money ,I stopped using it",1,2025-09-07,Dashen,Google Play,NEGATIVE,-0.45,"['app', 'other', 'lot', 'load', 'lot', 'error', 'money']",User Interface & Experience,app other lot load lot error money
bad specialy at weekends,1,2025-09-07,Dashen,Google Play,NEGATIVE,-0.6999999999999998,"['specialy', 'weekend']",Other,specialy weekend
"I am very disappointed with the Dashin Bank Super App. The app does not allow me to withdraw 50 birr or can't transfer money and even I can't use it to buy airtime. This makes me feel like my 50 birr is no longer my money, but the bankâ€™s money, since I cannot access or use it freely. According to the National Bank of Ethiopia (NBE), the rule is that 100 birr is not withdrawable, but it can be used to buy airtime or transferred to friends. Dashin Bankâ€™s restriction goes beyond this rule and unfa",1,2025-09-06,Dashen,Google Play,NEGATIVE,-0.0805555555555556,"['dashin', 'bank', 'super', 'app', 'app', 'birr', 'money', 'airtime', 'birr', 'money', 'bank', 'money', 'national', 'bank', 'ethiopia', 'nbe', 'rule', 'birr', 'airtime', 'friend', 'dashin', 'bank', 'restriction', 'rule', 'unfa']",User Interface & Experience,dashin bank super app app birr money airtime birr money bank money national bank ethiopia nbe rule birr airtime friend dashin bank restriction rule unfa
It is good apps but it needs strong network,5,2025-09-06,Dashen,Google Play,POSITIVE,0.5666666666666667,"['app', 'network']",User Interface & Experience,app network
The app doesn't allow to switch between accounts. Why is it not possible to use two accounts on the same app even if the accounts have been opened at different branch?,2,2025-09-06,Dashen,Google Play,NEUTRAL,0.0,"['app', 'account', 'account', 'app', 'account', 'branch']",User Interface & Experience,app account account app account branch
lacag inaad amaahisan somalida maxaad ku diiden,5,2025-09-05,Dashen,Google Play,NEUTRAL,0.0,"['lacag', 'inaad', 'amaahisan', 'somalida', 'maxaad', 'ku', 'diiden']",Other,lacag inaad amaahisan somalida maxaad ku diiden
